text,rating,review_length,sentiment
"While I've purchased items from Amazon for years, I rarely write reviews. I felt compelled to write one because, although there are only a few reviews at this point, I have never seen such a good product get such bad reviews. I'm hoping as more people purchase these, the star rating will be more accurate of the product itself. I'll address the three biggest complaints I've read from others:Sound Quality: I think these headphones sound great. I've never owned an expensive pair so I'm not able to compare them to higher-end offerings, but I've owned dozens of cheap and mid-range headphones in the 15-50 range. I'm not an audiophile or a musician so if I'm missing something that should be coming through, but isn't, I'm fine with my ignorance. I would say they're slightly better than Apple's buds (which I liked very much and used for years, most recently using their redesigned ones for about a year). There's no tinny, listening through a can sound that's all-too-common with headphones in this price range. As far as people saying they don't compare to Apple's buds, well I don't know, maybe they have some crazy exclusive version of Apple's buds that are amazing. But compared to the regular earpods, I think Amazon's headphones actually sound a bit better. They provide a nice, full sound and represent highs, lows and mids equally well (mainly listening to metal).Fit and Feel: Some people have complained about these falling, or feeling like they're going to fall, out of their ears. There's some validity to this, although obviously it depends on your specific ears. I don't feel like they're going to fall out at all, but if I give the cord a tug, they don't stay as secure as my Apple buds.Read more",3,296,Neutral
Great speaker and the sound is great. Use it every day. Love being able to use Alexa when attached to my network.,5,22,Positive
"I bought these for a couple of reasons.First, I wanted an earbud that was NOT designed as noise cancelling. I hate having to shove headphones into my brain to use them. Apparently, a lot of people are under the assumption that these are supposed to be noise cancelling or something which they are not. They are simple earbuds. I hate not being able to hear what is going on around me and don't feel safe in public using headphones that block everything else out. These are designed just like the old style earbuds that you stick in your ears but they are more comfortable. Maybe I have small ears or something but they could never fall out or dislodge from my ears. They don't cancel the outside noise but they sit in my ears exactly as they are supposed to so the sound travels right into my ears.Second, I really like the magnets and tangle free aspects of the headphones. I use headphones while I work and the magnets allow me to hang the headphones easily when I am finished with them. The flat cord and magnets also mean the headphones never really tangle when you put them in a bag or wherever. Awesome design.Finally, the sound I get out of these seems pretty average. I would compare them to the stock Apple iPhone earbuds or a set of Sony earbuds. Nothing special. They are only 25 and a lot of that is the fact these were just released and that you are paying for the design as far as magnets in the ear buds and the nice flat cable. Don't expect them to perform like 100 headphones because they aren't designed to perform like that. They are just a nice simple set of earbuds that will sound good to most people. The magnets and tangle free cord are awesome and they are really quite comfortable.Read more",5,317,Positive
This is such a great product I have two of them! Would highly recommend.,5,14,Positive
"Disappointing Kindle.Charging is sometimes interrupted by loss of connection between cover and Kindle. Complained and they sent me another cover. It works better, but still looses connectivity from time to time. Have to stop and disconnect cover and reconnect it. That usually stops the problem for a while.Also, It is not clear from the sales materials that the Premium Leather cover is suede. it shows scratches from fingernails.On the plus side, the Oasis screen is good and the quality of the text is excellent. Lighting is even and reading is easy on this device.",3,94,Neutral
"I love everything about this case except for how it fits on the Echo Dot. I was expecting a snug fit however, it is very lose and so you have to make sure that if you pick it up to move it (and the power cable is disconnected), the dot will fall out of the case.",4,56,Positive
It is a quality product and has clear crisp sound. Best part it can be carried in any satchel. Sound is loud enough for a back yard gathering.,5,28,Positive
Bought as a family gift. We use it all the time now. Very helpful and covenient,5,16,Positive
It was easy to put on and line up.Had a hair in it and had to take it of and re-clean.No problem getting it off and back on again. It did not loose stickiness.NO bubbles is correct.I don't think it helps with the glare.The screen does look a little duller but I still have problems seeing it in daylight.I think it is one of the better screen protectors out there.,5,70,Positive
"While I've purchased items from Amazon for years, I rarely write reviews. I felt compelled to write one because, although there are only a few reviews at this point, I have never seen such a good product get such bad reviews. I'm hoping as more people purchase these, the star rating will be more accurate of the product itself. I'll address the three biggest complaints I've read from others:Sound Quality: I think these headphones sound great. I've never owned an expensive pair so I'm not able to compare them to higher-end offerings, but I've owned dozens of cheap and mid-range headphones in the 15-50 range. I'm not an audiophile or a musician so if I'm missing something that should be coming through, but isn't, I'm fine with my ignorance. I would say they're slightly better than Apple's buds (which I liked very much and used for years, most recently using their redesigned ones for about a year). There's no tinny, listening through a can sound that's all-too-common with headphones in this price range. As far as people saying they don't compare to Apple's buds, well I don't know, maybe they have some crazy exclusive version of Apple's buds that are amazing. But compared to the regular earpods, I think Amazon's headphones actually sound a bit better. They provide a nice, full sound and represent highs, lows and mids equally well (mainly listening to metal).Fit and Feel: Some people have complained about these falling, or feeling like they're going to fall, out of their ears. There's some validity to this, although obviously it depends on your specific ears. I don't feel like they're going to fall out at all, but if I give the cord a tug, they don't stay as secure as my Apple buds.Read more",3,296,Neutral
"The Kindle is my first e-ink reader. I own an iPad, an iPhone, and have owned a Windows-based phone in the past that I used as an ereader.My overall impression of the device is good.The good:I'd honestly rather read linear (read from page one to the end, one page at a time) fiction from it than a book, because I can't always get comfortable with a book. Hardcovers are sometimes a bit heavy, and paperbacks don't always lie open easily. The Kindle is incredibly light and thin. I can hold it in one hand easily. The page turn buttons are conveniently located. Page-turns aren't instant, but they're probably quicker than turning a physical page in a printed book (there are just a lot more page-turns unless you choose a small font). The contrast is better than other ereaders I've seen. There is zero eye strain in good light. My eyesight isn't the greatest and I like being able to increase the font size and read without glasses. I love being able to browse the Kindle store and read samples before deciding to purchase. The experimental browser is surprisingly usable, but isn't great. It is useful for browsing wikipedia and blogs. The biggest drawback to the browser is the awkward pointer navigation, using the 5-way pad. It syncs your furthest read page over the internet so you can pick up where you left off using your iPhone or iPad.The so-so:The kindle store could use more categories and sorting options. You can't sort by top rated, and there is no category for alternate histories, for example. Finding a very-specific type of fiction relies on keyword searches, which don't do a great job. The wifi sometimes doesn't connect before it times-out.Read more",3,289,Neutral
"Much better than the echo dot. However, the fact that you have to touch the button to activate it instead of just talking to it is a bit annoying. Speaker is fairly powerful for its size.",3,36,Neutral
"While I've purchased items from Amazon for years, I rarely write reviews. I felt compelled to write one because, although there are only a few reviews at this point, I have never seen such a good product get such bad reviews. I'm hoping as more people purchase these, the star rating will be more accurate of the product itself. I'll address the three biggest complaints I've read from others:Sound Quality: I think these headphones sound great. I've never owned an expensive pair so I'm not able to compare them to higher-end offerings, but I've owned dozens of cheap and mid-range headphones in the 15-50 range. I'm not an audiophile or a musician so if I'm missing something that should be coming through, but isn't, I'm fine with my ignorance. I would say they're slightly better than Apple's buds (which I liked very much and used for years, most recently using their redesigned ones for about a year). There's no tinny, listening through a can sound that's all-too-common with headphones in this price range. As far as people saying they don't compare to Apple's buds, well I don't know, maybe they have some crazy exclusive version of Apple's buds that are amazing. But compared to the regular earpods, I think Amazon's headphones actually sound a bit better. They provide a nice, full sound and represent highs, lows and mids equally well (mainly listening to metal).Fit and Feel: Some people have complained about these falling, or feeling like they're going to fall, out of their ears. There's some validity to this, although obviously it depends on your specific ears. I don't feel like they're going to fall out at all, but if I give the cord a tug, they don't stay as secure as my Apple buds.Read more",3,296,Neutral
When it works it's great but for some reason it doesn't always answer me When it doesn't answer me I turn off the tv and make sure no one else is talking and it still doesn't work at that time. It was easy to set up with the phone app. Doesn't seem to matter where the phone is when it isn't working. I've tried close and far and in between. So a case of great when it works and the pits when it doesn't,3,84,Neutral
"While I've purchased items from Amazon for years, I rarely write reviews. I felt compelled to write one because, although there are only a few reviews at this point, I have never seen such a good product get such bad reviews. I'm hoping as more people purchase these, the star rating will be more accurate of the product itself. I'll address the three biggest complaints I've read from others:Sound Quality: I think these headphones sound great. I've never owned an expensive pair so I'm not able to compare them to higher-end offerings, but I've owned dozens of cheap and mid-range headphones in the 15-50 range. I'm not an audiophile or a musician so if I'm missing something that should be coming through, but isn't, I'm fine with my ignorance. I would say they're slightly better than Apple's buds (which I liked very much and used for years, most recently using their redesigned ones for about a year). There's no tinny, listening through a can sound that's all-too-common with headphones in this price range. As far as people saying they don't compare to Apple's buds, well I don't know, maybe they have some crazy exclusive version of Apple's buds that are amazing. But compared to the regular earpods, I think Amazon's headphones actually sound a bit better. They provide a nice, full sound and represent highs, lows and mids equally well (mainly listening to metal).Fit and Feel: Some people have complained about these falling, or feeling like they're going to fall, out of their ears. There's some validity to this, although obviously it depends on your specific ears. I don't feel like they're going to fall out at all, but if I give the cord a tug, they don't stay as secure as my Apple buds.Read more",3,296,Neutral
"hard to use, and does not support Guam. online instructions not clear",1,12,Negative
"Good, but not overall as capable or comprehensive as I was hoping. Will continue to explore capabilities and Apps.",4,19,Positive
Like a previous reviewer mentioned it is fabric over hard plastic it is not a snug or tight fit. Good quality though.,3,22,Neutral
"Edit 6/15/17 After three months of use, I still don't love it. It works well, no complaints, but it marks up easily and the sides began flaking off. My original black cover had shown signs of wear due to repeatedly falling asleep with it folded back. I was much more careful with the merlot, and it showed more signs after a shorter period of time. And the flaky thing along the sides looks and feels just cheap. And for 90, I would expect real leather. So I switched back to my original black cover and I'm just letting it age with the device. I guess the plus side is that the merlot made me like the black cover more, but the downside is it cost 90 to do so. Ridiculous.As stated in the title, I love my Oasis. I've had it for about six months and, with the exception of the defective first one I received which was promptly replaced, I haven't had a problem out of it. I had gotten the black cover because black is my default choice, always. However, a couple of months ago I had gotten a screen protector and skin for the Oasis, and I just wasn't feeling the black cover anymore. I had considered the merlot (I think the walnut would feel nicer to the touch, but I despise brown leather) so I gave in after much consideration and ordered it. It didn't arrive with the bundle of things that it was supposedly shipped with, but after a quick call to customer service I had a new tracking number. It finally arrived today. I am disappointed to say that I don't love it. It smells funny, as I done remember my original doing. The color is duller than in the picture. Maybe my expectations had overblown due to the wait and the whole two tracking numbers thing, but I just don't love it.Read more",2,320,Negative
Like a previous reviewer mentioned it is fabric over hard plastic it is not a snug or tight fit. Good quality though.,3,22,Neutral
"Update on Dec 23 2013 - Please scroll to the very end of this review for 2 month use update. ...For those who are looking at getting the best tablet out there at the moment, this is the one you should be looking at.My profile: Heavy tablet users for personal and business purposes. I work on my tablet around 4-5 hours a day (Email / Documents / Spreadsheet / PDF ) and use it 1-2 hours for personal use such as watching movies or reading books/magazine. Tablet is my go-to device for all internet related search I do.I have the following and/or used the following before:1) iPad 12) iPad 23) iPad 44) iPad Mini5) Kindle Fire6) Kindle Fire HD7) Kindle Fire HD 8.98) Asus Transformer with Keyboard9) Nexus 7 First Gen10) iPad Air 16gb WifiAs you can see, I been through many devices and hope this review with my experience helps users decide if this is the right device for them. This will be an ongoing review for this device throughout this next year. For comparison sake, I will use last year's Kindle and iPad mini as they are the closest size to this HDX 7Speed (9/10):This is leaps and bounds faster than last year Kindle HD. Last year Kindle struggles to go through any HD video content I put in. This year's HDX able to play seamlessly all the HD 1080p contents I added. It is incredible how much the 2.2Ghz quad processor improved vs last year's model Dual 1.2Ghz.Screen (9/10):This is the biggest improvement over last year's model. The screen is in true HD 1080p (1920x1080). This means any HD content I throw at it will view in its intended resolution. The screen is crystal clear (much better than iPad mini) and the viewing angle is incredible.Read more",4,300,Positive
"For the price, you should be able to use as a speaker when talking on the phone. I had to use my daughter's Beats Pill for this function, therefore it's not worth all the hype.",2,35,Negative
"While I've purchased items from Amazon for years, I rarely write reviews. I felt compelled to write one because, although there are only a few reviews at this point, I have never seen such a good product get such bad reviews. I'm hoping as more people purchase these, the star rating will be more accurate of the product itself. I'll address the three biggest complaints I've read from others:Sound Quality: I think these headphones sound great. I've never owned an expensive pair so I'm not able to compare them to higher-end offerings, but I've owned dozens of cheap and mid-range headphones in the 15-50 range. I'm not an audiophile or a musician so if I'm missing something that should be coming through, but isn't, I'm fine with my ignorance. I would say they're slightly better than Apple's buds (which I liked very much and used for years, most recently using their redesigned ones for about a year). There's no tinny, listening through a can sound that's all-too-common with headphones in this price range. As far as people saying they don't compare to Apple's buds, well I don't know, maybe they have some crazy exclusive version of Apple's buds that are amazing. But compared to the regular earpods, I think Amazon's headphones actually sound a bit better. They provide a nice, full sound and represent highs, lows and mids equally well (mainly listening to metal).Fit and Feel: Some people have complained about these falling, or feeling like they're going to fall, out of their ears. There's some validity to this, although obviously it depends on your specific ears. I don't feel like they're going to fall out at all, but if I give the cord a tug, they don't stay as secure as my Apple buds.Read more",3,296,Neutral
"I have been enjoying the amazon tap for two weeks, and am still finding new things it will do",5,19,Positive
"Updated 12/8/2014One year in...This review is for the the no-ad 64 GB wifi-only HDX 8.9.I use a Galaxy S5 Android smartphone so the HDX is for media / web surfing / offline viewing for travel. Since I had already been using Amazon Prime and Prime Music it was a no brainer for me to use the HDX to fill the role of media / web surfing on a tablet.Be informed about the download limitations to this device. Amazon has been adding clarification to this which should help would-be purchasers make a more informed opinion. This wasn't as obvious as it should have been when I ordered mine so they're listening which is good.Be aware that their most popular Prime content *may* not be available to download (and save) to your HDX. You can save certain videos to your HDX but you won't know which ones until you buy an HDX and try it out. *** Edited 12/21/2013 You can now see a list of Prime movies and shows that can be downloaded to the device. That's an improvement and more clearly shows the available downloadable Prime content. +1 for Amazon. ***I was also under the assumption that you could download as many videos as you'd like with the limiting factor being the memory capacity of the HDX. Also NOT the case. So again, I bought the larger capacity HDX under this assumption. That was dumb on my part as it turns out because you're not limited by storage capacity. You're limited the NUMBER of downloads you can have on your device. Kids' content can be really short so you may find yourself running into that limitation, but most people never will.Read more",3,282,Neutral
This is a horrible an overpriced case. I've had this case for less than two weeks and it's already coming apart. The little rubber stitching around the case is falling off,1,31,Negative
"I will rate this Amazon Tap a five stars when the application to make the Alexa commands become remote, instead of manually pressing the command button on the unit itself.",4,30,Positive
"I like it but the most used app is Netflix. This Netflix app version is older and a pain to use. Why they have this outdated one, doesn't make any sense.",1,31,Negative
"I bought this tablet for its size, economical price point, and the ability to watch content offline. And it offers exactly that...but falls short on performance parameters. If you're price sensitive and are looking for a value tablet, large screen, and the ability to watch content offline, this is a great device to get. However, if you already have an earlier Kindle like the HDX 8.9 or even an earlier version of the Fire, I recommend keeping your tablet since this device wouldn't really be a worthwhile upgrade. I have been disappointed with several operating shortcomings of the device.The- constant freezing of the device,- slow speed to load apps,- significant lags when switching apps that only become worse as you load more stuff on the tablet,- erratic wifi connection that drops often and the ensuing trouble to connect back to the same network, and- the frequent need to reboot the device,all factors made this a frustrating device to own . The HDX is far better in every aspect, heck even the original Fire 7 runs better than this device.The only good things about this device are the screen size and the MicroSD slot. So if you're only watching videos on this, and would like to have the option of watching content offline when you're traveling, this tablet would be just fine. Otherwise, the HDX is still a better option, or you could get the 7 or 8 Fire models. Those are priced cheaper and work better.Original review is below---For the price point and size alone, the Fire HD 10 would seem like a good deal. For its performance, however, it falls short of expectations. I would probably rate it a 3.5 overall. If it wasn't for the price, the rating would have been even lower.Read more",3,296,Neutral
"A remote this small and black is begging to be lost. I knew it the day we bought it. Somehow my 8 yr old has lost it...someday it will surface but, in the meantime, how do I watch my shows DOWNLOAD THE FIRE TV REMOTE APP. Hey it worked! I have an Apple iPhone 5S and am happy to say the app does indeed work and control my Fire TV stick. Best of all - the app is FREE.",3,79,Neutral
I can read a lot longer without pain in my hands since the cover holds it for me. Very nice shade of blue.,5,23,Positive
"While I've purchased items from Amazon for years, I rarely write reviews. I felt compelled to write one because, although there are only a few reviews at this point, I have never seen such a good product get such bad reviews. I'm hoping as more people purchase these, the star rating will be more accurate of the product itself. I'll address the three biggest complaints I've read from others:Sound Quality: I think these headphones sound great. I've never owned an expensive pair so I'm not able to compare them to higher-end offerings, but I've owned dozens of cheap and mid-range headphones in the 15-50 range. I'm not an audiophile or a musician so if I'm missing something that should be coming through, but isn't, I'm fine with my ignorance. I would say they're slightly better than Apple's buds (which I liked very much and used for years, most recently using their redesigned ones for about a year). There's no tinny, listening through a can sound that's all-too-common with headphones in this price range. As far as people saying they don't compare to Apple's buds, well I don't know, maybe they have some crazy exclusive version of Apple's buds that are amazing. But compared to the regular earpods, I think Amazon's headphones actually sound a bit better. They provide a nice, full sound and represent highs, lows and mids equally well (mainly listening to metal).Fit and Feel: Some people have complained about these falling, or feeling like they're going to fall, out of their ears. There's some validity to this, although obviously it depends on your specific ears. I don't feel like they're going to fall out at all, but if I give the cord a tug, they don't stay as secure as my Apple buds.Read more",3,296,Neutral
"25 for a case for a product that costs 50. Typical scam from Amazon just a warning, in the process of returning both items seeing as the Fire 7 is a broken device. To transfer any data to it, you must restart replug the device for each file... even a 5 thumb drive can do more without an interface.",1,59,Negative
"This review is for the second generation Kindle Paperwhite. Like all kindle e-readers before it, this is a great product. However, I am a bit disappointed as there is not a huge improvement over last year's model. For this review, I focused on features and enhancements exclusive to the new Paperwhite and tried to make comparisons to last year's model. Also, I found somethings misrepresented or confusing in the advertising, so I will try to clear them up.HARDWAREDesign - The Kindle white has a nice look and shape. It fits well and is easy to hold in one hand. It's fairly light, so it doesn't tire the hands too much. I can grip it for long periods before having to switching hands. Its design is very similar to the previous Paperwhite - almost identical. The height and width are the same, the buttons are in the same location, and although this version is slightly lighter, it is not noticeable.Display - Although not a huge improvement from last year's model, the display is one of the best features of the Paperwhite. Like most e-readers, the Paperwhite uses digital ink technology. This model employs a more advanced version. In addition, the lighting has been upgraded, so among other things, it is more evenly lit. Together, they make for incredible viewing. In my opinion, it's one of the best digital ink e-reader display on the market. I really enjoy reading on it, text look very sharp and crisp, with little to no eye strain.Processor - The Paperwhite has an upgraded processor, which means smoother page turns and navigation. I am able to open books, flip pages, and navigate menus fairly quickly. There is barely any lag as I flip through many pages at a time. Also, the flashing effect when turning pages shows up less if at all.Read more",3,306,Neutral
"Over the years, I've tried a variety of cases for the various models of Kindle and Fire tablet that I've purchased from Amazon. While I've found a few third party covers that have been durable and attractive, I found myself coming back to Amazon's own product when I purchased one of their new 8 Fire HD tablets, and I'm pleased with it.This is a very good quality cover, it fits well, and it provides support to the tablet both in landscape and portrait orientation. It's made of fabric on the outside, with a microfiber inner lining to protect the screen of the tablet when the cover is closed. It matches the color of the Fire tablet perfectly.My only hesitation in purchasing it was the price - the case all by itself is nearly half the price of the Fire tablet! But I suppose that says more about how cheap the tablet is, than how expensive the case is (kind of).Still, I decided to spend the money for this case. The tablet needs the protection and I know from experience that Amazon's cases are durable and will last for a long time (I've used my original Kindle Paperwhite - first generation model - with the Amazon leather case since it was first purchased).I'll post some photos of the cover to show how it is packaged and how it looks on the tablet. I'm very satisfied with it. Notice how the speakers are visible at the top of the tablet when it is propped up in landscape mode.",5,256,Positive
"Horrible screen. Nice on one side, totally different color on the other.",1,12,Negative
just okay! Product was for my girlfriend. Doesn't appear she uses it much except to steam music. Most of the questions I ask it I get nothing. I like Siri better.,2,31,Negative
Just really thought it would have been more useful without having to have to make additional purchases for music I like.,2,21,Negative
"I'm your typical middle-aged woman - I don't game, and I'm not super tech-savvy by any means....so take this review for what it is. The Fire TV was easy to install and I'm loving all the features, free movies, music and simple interface - this thing even has a screen saver that comes on when you're listening to music! We've always just had our Comcast cable service without DVR and occasionally used Comcast OnDemand to watch/rent movies - but I'll never watch from Comcast again. The voice recognition software is amazing and brought me to exactly what I was looking for every single time I searched. It's just so easy to find what you're looking for (unlike Comcast), and since I'm an Amazon Prime member most of what I want to view is free - oh and for the new release movies the cost to rent from Amazon is on average cheaper than Comcast OnDemand by a 1 or more. So happy with this purchase!",5,165,Positive
This is my second one and it is great! It can be used as a remote also. It was easy to pair with my Fire TV. I received my first one when I purchased the Gaming Edition of Fire TV and I liked it so much that I bought a second one for my son. He is a gamer and he was very happy with it.I would recommend this product for anyone who is a gamer. There are many more games available for the Fire TV and they play flawlessly on the Fire TV,5,94,Positive
"As a background, I am a retired Information Systems professional and I am writing my first impressions of the Fire HD 8 from the perspective of being a long-time Kindle user. I have all the current e-readers and Fire devices from Amazon including the basic Kindle, the Paperwhite (2013,2014,2015 models), the Fire HD6, Fire HD7, Fire HDX7 and Fire HDX8.9 (3rd and 4th generation). Here is a summary of my initial impressions of the new Fire HD8.Amazon removed the Fire HD7, the Fire HDX7 and the Fire HDX8.9 and replaced them with the Fire HD (7 screen), Fire HD 8 and Fire HD 10.HARDWARE:WHAT COMES IN THE BOX: The HD8 Fire, a short USB cord and a power adapter. Finally, Amazon ships a power adapter with their Fires so you can charge and use the device right out of the box. (Picture attached)SIZE: The HD8 is longer than the older HD7 but the same width as the discontinued HD7. It is also thinner. (8.4x5.0x0.3 versus 7.5x5.0x0.4). I have large hands and can hold it with one hand, but even with my hands, I really need to use both hands. Because it is longer, it seem top heavy to me. The back is also slick and slippery to hold. Mine has a habit of sliding off the table.Display: The resolution of the screen is 1280 x 800 same as the HD 7 but the pixel density is lower due to the longer screen length. In practical use, though, you can't tell the difference. The display is nice and bright but barely readable in bright sunlight. One nice touch is that now, you can choose your own wallpaper! It comes with 9 stock images and if you don't like one of them, you can choose your own image in your Amazon Photos folder.Read more",3,302,Neutral
"Updated 12/8/2014One year in...This review is for the the no-ad 64 GB wifi-only HDX 8.9.I use a Galaxy S5 Android smartphone so the HDX is for media / web surfing / offline viewing for travel. Since I had already been using Amazon Prime and Prime Music it was a no brainer for me to use the HDX to fill the role of media / web surfing on a tablet.Be informed about the download limitations to this device. Amazon has been adding clarification to this which should help would-be purchasers make a more informed opinion. This wasn't as obvious as it should have been when I ordered mine so they're listening which is good.Be aware that their most popular Prime content *may* not be available to download (and save) to your HDX. You can save certain videos to your HDX but you won't know which ones until you buy an HDX and try it out. *** Edited 12/21/2013 You can now see a list of Prime movies and shows that can be downloaded to the device. That's an improvement and more clearly shows the available downloadable Prime content. +1 for Amazon. ***I was also under the assumption that you could download as many videos as you'd like with the limiting factor being the memory capacity of the HDX. Also NOT the case. So again, I bought the larger capacity HDX under this assumption. That was dumb on my part as it turns out because you're not limited by storage capacity. You're limited the NUMBER of downloads you can have on your device. Kids' content can be really short so you may find yourself running into that limitation, but most people never will.Read more",3,282,Neutral
This Alexa is a super form of info with little wait time.,5,12,Positive
"DON'T BUY a reburbished Kindle. I've had to return them, twice. Apparently, Amazon's definition of refurbish is to take a Kindle with some problem or defect, simply repackage it and send out again to see if some different customer might take it off their hands.Both times, the 'refurbished' Kindles shorted out in different ways. The Kindles especially liked to misfunction while I was in the middle of working out at the gym.",1,72,Negative
"The Amazon Tap is a great mobile Bluetooth speakers, if you are invested in the Amazon eco-system. The produces good sound at all levels, plays music stored in your associated cloud accounts and does everything else the Echo can do, just with mobility added to it (as opposed to the Echo that always has to be plugged into the wall to work).",5,62,Positive
I have had some problems with it. I bought to replace the original cover that was chewed by my dog. I have had to restart my Kindle to get it to hold a charge which helped but the charge does not last as long as it did with my original cover.,3,51,Neutral
"My remote went out just a couple weeks after we received the Fire Stick.Put new batteries in it and it worked another couple weeks. Then, I didn't have time to get to it until the return time was out. I tried batteries again, cleaning the ports, and everything I could think of. Because I can't get the cheap remote working, this Fire Stick is STUCK on the television on which is was originally installed.... until I pay for a new remote. Amazon, you can do better than this. I see that there are many, many posts of people like me whose remotes just don't work. A phone app is nice, but shouldn't HAVE to be the only answer besides another remote that costs 30 of the original whole product.",2,129,Negative
"I've purchased two of these screen protectors at ATT for my Fire Phones. Both have performed perfectly for me, unlike some reviewers' experience. The screens on my phones don't look fuzzy when the orientation of the phone is changed, the edges do not collect lint from my pockets, and the protector does not keep the case from fitting the phone. Here's what the protector does do: It keeps my screens from collecting fingerprints or skin oil. I don't know about the ease of application because, for both my purchases, the employee at ATT attached the protectors for me (I don't have the steadiest hands). Watching them, it looked quite easy to do. There are no bubbles at all and no more screen glare/reflections. I haven't had to remove, replace, or clean the protectors (except for wiping off the surface just to be sure it's clean because the protector doesn't show any dirt or oil).",5,154,Positive
"Remote did not activate, nor did it connect to box.A poorly designed remote, replacing an even worse remote. Waste of time.Ordered two items, had to pay shipping on both. They were both shipped in the same padded envelope, why double shipping charges",1,42,Negative
Pretty good sound for the size and configuration of speaker. Easy to set up.,5,14,Positive
Amazon is the tip of leading technology. Always have had great luck with their product.,5,15,Positive
The connection drop's out on this unit pretty bad. I can hardly get thru a game and it will disconnect.,1,20,Negative
"I like the case for the primary reason that I bought it--to protect my new kindle, but as a stand it has its drawbacks. I am not comfortable at all with trying to use it in the vertical position, and in the horizontal it is stable enough for watching movies or videos, but at home I have another stand that I use if I am playing any of my games on the tablet. Good price, and I am pleased with it as protection for my tablet. Not near as pleased with it as a viable stand.",3,96,Neutral
"The case does what it is supposed to do. I think because I bought the tablet, Amazon should have reduced the price of case. Too pricey but I wanted a perfectly fitted case and not something that would or would not be compatible.",3,43,Neutral
Love it I bought it for my mother and father she is easy for them to use and they are in there 70s,5,23,Positive
We bought to give away at a Halloween party. We own them ourselves and they are awesome,5,17,Positive
This review can not be valid due to the device did not work for me. I would put it down. Just upgraded to the ECHO instead of the tap.,1,29,Negative
Changes the whole look of the Echo ... after i purchased i think i should have gone with the tan leather. But blue is my favorite color and it adds a bit of a pop to a mundane looking black disk! The texture is also really nice feel and look to it!,5,52,Positive
"I have had to change the batteries in this remote once or twice per month since I purchased it in March. After the battery's short life span after the first battery replacement, we stopped doing any gaming with it and just used the gaming controller. It did not make a difference. It still drained the batteries just as quickly. I do have the option of using the phone app, and I do, but what if I'm not home and someone else wants to use the fire tv This is very, very poor quality product. Of course. It went out of warranty 12 days ago. I guess I should have been more mindful of that date. I do not recommend this product and I think Amazon should extend the warranty coverage. It is ridiculous that this remote basically doesn't work.",1,139,Negative
My niece was used to carrying around my tablet with a handle on the case. This one is not good for toddler to handle,3,24,Neutral
"While I've purchased items from Amazon for years, I rarely write reviews. I felt compelled to write one because, although there are only a few reviews at this point, I have never seen such a good product get such bad reviews. I'm hoping as more people purchase these, the star rating will be more accurate of the product itself. I'll address the three biggest complaints I've read from others:Sound Quality: I think these headphones sound great. I've never owned an expensive pair so I'm not able to compare them to higher-end offerings, but I've owned dozens of cheap and mid-range headphones in the 15-50 range. I'm not an audiophile or a musician so if I'm missing something that should be coming through, but isn't, I'm fine with my ignorance. I would say they're slightly better than Apple's buds (which I liked very much and used for years, most recently using their redesigned ones for about a year). There's no tinny, listening through a can sound that's all-too-common with headphones in this price range. As far as people saying they don't compare to Apple's buds, well I don't know, maybe they have some crazy exclusive version of Apple's buds that are amazing. But compared to the regular earpods, I think Amazon's headphones actually sound a bit better. They provide a nice, full sound and represent highs, lows and mids equally well (mainly listening to metal).Fit and Feel: Some people have complained about these falling, or feeling like they're going to fall, out of their ears. There's some validity to this, although obviously it depends on your specific ears. I don't feel like they're going to fall out at all, but if I give the cord a tug, they don't stay as secure as my Apple buds.Read more",3,296,Neutral
Has a very good Bluetooth speakers sound quality is good but otherwise she's pretty useless when it comes to get answering questions,1,22,Negative
Second remote. Stopped working. Will not work with firestick software on tv. Very carefully chose home arrows ..has a mind of it's own. Had to unplug so that it wouldn't deregister device! I did not(!) choose that selection. Bad device. Kept defaulting to video game or going to sleep/options window. However none would select. Going to look for another service.,1,60,Negative
"If you read my Fire TV review you know that I am tough on Amazon when it comes to their own items. It needs to deliver quality for the price point to earn stars from me. Please take the time to read my entire review and feel free to ask questions. I will do my best to respond to them as I can and update the review to reflect those answers and other things I discover along the way.First my background. I own many Amazon Kindles (bw, Fire gen2, Fire gen3) as well as Apple Ipad (gen 4), Samsung Note 3 and have an LG G2 smartphone (had a Samsung S4 before that), notebooks, chromebooks, etc. I have also used many other products including the Fire HDX line. I have a solid computer background as well but honestly I am more of a casual user when it comes to tablets like this one.Amazon has changed many things over the life of the Fire product line. Adding and removing features (like cameras--the first generation had one but the second generation removed them but not they are back).They are all useful devices but each one has its own niche so to speak so make sure whatever you get has the features that are important to you.Now to this model. This is like a big smartphone--which is a big difference from past kindles. It is more compact, lighter and yet still very usable. In fact for me, the shrinking of size increases the usefulness. I find that I use my smartphone way more than my tablets--even the smaller Fire HD and Samsung Note tablets so I am expecting this to replace more of that on the couch usage which is great since it so much less expensive than most smartphones. That means you can feel less bad about scratches that might occur or the accidental drops. (I am guilty of both.Read more",5,319,Positive
"The Kindle is my first e-ink reader. I own an iPad, an iPhone, and have owned a Windows-based phone in the past that I used as an ereader.My overall impression of the device is good.The good:I'd honestly rather read linear (read from page one to the end, one page at a time) fiction from it than a book, because I can't always get comfortable with a book. Hardcovers are sometimes a bit heavy, and paperbacks don't always lie open easily. The Kindle is incredibly light and thin. I can hold it in one hand easily. The page turn buttons are conveniently located. Page-turns aren't instant, but they're probably quicker than turning a physical page in a printed book (there are just a lot more page-turns unless you choose a small font). The contrast is better than other ereaders I've seen. There is zero eye strain in good light. My eyesight isn't the greatest and I like being able to increase the font size and read without glasses. I love being able to browse the Kindle store and read samples before deciding to purchase. The experimental browser is surprisingly usable, but isn't great. It is useful for browsing wikipedia and blogs. The biggest drawback to the browser is the awkward pointer navigation, using the 5-way pad. It syncs your furthest read page over the internet so you can pick up where you left off using your iPhone or iPad.The so-so:The kindle store could use more categories and sorting options. You can't sort by top rated, and there is no category for alternate histories, for example. Finding a very-specific type of fiction relies on keyword searches, which don't do a great job. The wifi sometimes doesn't connect before it times-out.Read more",3,289,Neutral
"I currently own the original echo which is in my living room, a dot in my bedroom, and one at work. I have lights, fans, a thermostat, surround sound, and TV all connected to my Alexa devices. Of course I had to buy one with a screen. I'm a big fan of Alexa, the products have become a routine part of my day. As soon as the Show was available to preorder I ordered one without any hesitation.Initially I wanted to put my show on a 70 inch TV stand by my 60 inch TV where my original Echo was. I figured it wouldn't look bad because I could use it as a digital picture frame also. I don't have end tables and quickly came to the realization that viewing a 7 inch screen from 8 feet away wasn't going to work for me. My Show now sits on my kitchen counter. I figured I'd get more use out of it in my living room because most of my Alexa enabled devices are in there and generally I spend more time in my living room than the kitchen.The problem with displaying the show on a kitchen counter is that the screen can only be seen from straight on if you have a larger kitchen, so if you aren't standing directly in front of it, it's hard to view the screen. You will have to turn it in a direction that it would be facing you.As far as I can tell you can not cut the screen off completely, which would make this a bad fit for a bedroom. The clock displays in white with the screen in a dim black by using the command turn off the screen. *Update* The screen can be cut off.This device was marketed as a hands free companion in the kitchen for things like recipes. My frustration is when I ask it to pull up a recipe it's inconsistent. Sometimes it wants to send the recipe to my phone, sometimes it wants me to swipe down on the screen to access the cooking directions and ingredients.Read more",3,352,Neutral
"While I've purchased items from Amazon for years, I rarely write reviews. I felt compelled to write one because, although there are only a few reviews at this point, I have never seen such a good product get such bad reviews. I'm hoping as more people purchase these, the star rating will be more accurate of the product itself. I'll address the three biggest complaints I've read from others:Sound Quality: I think these headphones sound great. I've never owned an expensive pair so I'm not able to compare them to higher-end offerings, but I've owned dozens of cheap and mid-range headphones in the 15-50 range. I'm not an audiophile or a musician so if I'm missing something that should be coming through, but isn't, I'm fine with my ignorance. I would say they're slightly better than Apple's buds (which I liked very much and used for years, most recently using their redesigned ones for about a year). There's no tinny, listening through a can sound that's all-too-common with headphones in this price range. As far as people saying they don't compare to Apple's buds, well I don't know, maybe they have some crazy exclusive version of Apple's buds that are amazing. But compared to the regular earpods, I think Amazon's headphones actually sound a bit better. They provide a nice, full sound and represent highs, lows and mids equally well (mainly listening to metal).Fit and Feel: Some people have complained about these falling, or feeling like they're going to fall, out of their ears. There's some validity to this, although obviously it depends on your specific ears. I don't feel like they're going to fall out at all, but if I give the cord a tug, they don't stay as secure as my Apple buds.Read more",3,296,Neutral
"While I've purchased items from Amazon for years, I rarely write reviews. I felt compelled to write one because, although there are only a few reviews at this point, I have never seen such a good product get such bad reviews. I'm hoping as more people purchase these, the star rating will be more accurate of the product itself. I'll address the three biggest complaints I've read from others:Sound Quality: I think these headphones sound great. I've never owned an expensive pair so I'm not able to compare them to higher-end offerings, but I've owned dozens of cheap and mid-range headphones in the 15-50 range. I'm not an audiophile or a musician so if I'm missing something that should be coming through, but isn't, I'm fine with my ignorance. I would say they're slightly better than Apple's buds (which I liked very much and used for years, most recently using their redesigned ones for about a year). There's no tinny, listening through a can sound that's all-too-common with headphones in this price range. As far as people saying they don't compare to Apple's buds, well I don't know, maybe they have some crazy exclusive version of Apple's buds that are amazing. But compared to the regular earpods, I think Amazon's headphones actually sound a bit better. They provide a nice, full sound and represent highs, lows and mids equally well (mainly listening to metal).Fit and Feel: Some people have complained about these falling, or feeling like they're going to fall, out of their ears. There's some validity to this, although obviously it depends on your specific ears. I don't feel like they're going to fall out at all, but if I give the cord a tug, they don't stay as secure as my Apple buds.Read more",3,296,Neutral
Reliable and well-regulated for dual voltage (110-120v and 220-240v) without too much heat generation in Europe/Asia.,5,16,Positive
The kids love it. They ask it silly questions which to my amazement it has an answer. I really like for the music aspect. Just tell it a song and it finds it,5,33,Positive
Don't know how I managed without Alexa. Everyone in the family is enjoying her.,5,14,Positive
"Updated 12/8/2014One year in...This review is for the the no-ad 64 GB wifi-only HDX 8.9.I use a Galaxy S5 Android smartphone so the HDX is for media / web surfing / offline viewing for travel. Since I had already been using Amazon Prime and Prime Music it was a no brainer for me to use the HDX to fill the role of media / web surfing on a tablet.Be informed about the download limitations to this device. Amazon has been adding clarification to this which should help would-be purchasers make a more informed opinion. This wasn't as obvious as it should have been when I ordered mine so they're listening which is good.Be aware that their most popular Prime content *may* not be available to download (and save) to your HDX. You can save certain videos to your HDX but you won't know which ones until you buy an HDX and try it out. *** Edited 12/21/2013 You can now see a list of Prime movies and shows that can be downloaded to the device. That's an improvement and more clearly shows the available downloadable Prime content. +1 for Amazon. ***I was also under the assumption that you could download as many videos as you'd like with the limiting factor being the memory capacity of the HDX. Also NOT the case. So again, I bought the larger capacity HDX under this assumption. That was dumb on my part as it turns out because you're not limited by storage capacity. You're limited the NUMBER of downloads you can have on your device. Kids' content can be really short so you may find yourself running into that limitation, but most people never will.Read more",3,282,Neutral
"I bought this tablet for its size, economical price point, and the ability to watch content offline. And it offers exactly that...but falls short on performance parameters. If you're price sensitive and are looking for a value tablet, large screen, and the ability to watch content offline, this is a great device to get. However, if you already have an earlier Kindle like the HDX 8.9 or even an earlier version of the Fire, I recommend keeping your tablet since this device wouldn't really be a worthwhile upgrade. I have been disappointed with several operating shortcomings of the device.The- constant freezing of the device,- slow speed to load apps,- significant lags when switching apps that only become worse as you load more stuff on the tablet,- erratic wifi connection that drops often and the ensuing trouble to connect back to the same network, and- the frequent need to reboot the device,all factors made this a frustrating device to own . The HDX is far better in every aspect, heck even the original Fire 7 runs better than this device.The only good things about this device are the screen size and the MicroSD slot. So if you're only watching videos on this, and would like to have the option of watching content offline when you're traveling, this tablet would be just fine. Otherwise, the HDX is still a better option, or you could get the 7 or 8 Fire models. Those are priced cheaper and work better.Original review is below---For the price point and size alone, the Fire HD 10 would seem like a good deal. For its performance, however, it falls short of expectations. I would probably rate it a 3.5 overall. If it wasn't for the price, the rating would have been even lower.Read more",3,296,Neutral
"This is the THIRD power charger that I have HAD to buy at cost of over 30 each since my Kindle Fire purchase. Why can't the chargers last a REASONABLE amount of time When I connected this charger, I received a message saying that it was a LOW level charger it probably would not charge while the Kindle was in use. NOT ACCEPTABLE for this cost!!!",1,66,Negative
Update 12/26/2016: No longer will pair with 2nd generation firetv since reset/update. It did still pair with 1st generation firetv I have in another room. Was working fine with my 2nd gen until I reset it after having external memory problems - Orignal Review: Works and pairs quick with Fire TV just no voice search. My wife likes her own Amazon remote so this works good for us at half the price of the Fire TV remote sold here. My only concern is how small it is but hopefully that won't be a problem.,2,94,Negative
"Ok first things first, I also own a Echo and if you own a Echo you will love the Tap.Now you will see a lot of reviews around the internet of people saying they wish the Tap was voice enabled like the Echo. I happen to think those people are not completely thinking things through. Because the Echo is not meant to be a mobile device. It generally sits somewhere in your house and the voice command is then a great feature to have. But the Tap is meant to be mobile, and therefore I am happy it's not a Voice command device. I would not want to be at the beach or on a subway or at the coffee shop and having this thing think the world is taking to it. So I actually think not having a voice command is a well thought out feature. I have the Echo on my kitchen counter and the Tap in my Studio office. And when I leave my office I just grab it and go.I bought this on sale for 89 and I went to the store and listened to many Bluetooth speakers. And while yes the charge 3 sounds better, all the charge 3 can do is be a Bluetooth speaker. While the Tap is so much more for less . And the Tap sounds Great. After looking online I was a little nervous that it would not sound that great, but I was 100 wrong about that. There is no other product out there for 89 that sounds this good and can do what the Tap does.I was not paid or given a Tap to write this review. I'm just a consumer who was it the market for a Bluetooth speaker, and I could not be happier with my choice.Also if you buy this device buy the Amazon sling as well. Trust me you will want it. And honestly I am again happy I got the one that covers the bottom of the Tap. Because if this was sitting on a table and someone knocked over a drink I would not want the bottom where the charging rings are to be exposed.That's it, that's all. Buy it, you won't be disappointed!!!!!",5,372,Positive
"This is my 4th Kindle since I bought my first one as soon as Kindle was launched. With every new model, I was fascinated by the improvements and kept recommending them to friends. The Voyager was the first time I felt somewhat frustrated with an Amazon product.Yes, it is lighter and even easier to read than my previous models - if you are buying your first one, don't hesitate - it is still a great product and still much more comfortable to use than trying to read a book on an iPad - even if it is an iPad Mini.But... There are a few things that I thing Amazon should fix on this one, specially because it is the top of the line Kindle:1. The battery cover just keeps disconnecting from the reader itself. The magnetic attachment is just not strong enough to keep it in position as you manipulate the reader. Previous covers just stayed in place and even the Apple magnetic cover attaches better than this one.2. As you are able to turn off the page buttons on the side, you should be able to turn off page turning on the screen. The way I got used to handle the kindle and as I constantly change hands when I am reading, I get a lot of undesired page turns because I touched the screen somewhere. A very simple fix that could be in one of the next software updates that would greatly improve my perception of the device.3. Battery life (even with the cover) is far from what I expected. My old Kindle had a battery that lasted for more than a month, the new one needs recharging every 15 days.4. The device itself is so light and the battery cover so cumbersome that it should come with a simple,e cover just to protect the screen when you throw it in the bag.5.Read more",2,316,Negative
"As a Kindle case, this works, but it's got a few too many negatives.To the good, it's nice and thick, meaning it gives good protection, and your Kindle snaps into it rather than just sitting in it like my 7 HDX's magnetic case, meaning your Kindle won't fall out if you tip it too far.However.1. I hate the flap this has for propping it up. Maybe I was spoiled by my last Kindle's case, but I had one of the magnetic origami ones, and the case folded into a very solid support that would hold the Kindle up on either of the long sides. This one's flap isn't magnetic, and it's just one diagonal fold, which makes gives far less support. The thing tips over or collapses more than I'd like it to, and if I want to read in landscape orientation (i.e. the long sides go left to right rather than up and down), the top and bottom aren't interchangeable. That wouldn't normally be a problem, but...2. There's a camera on the back of the Kindle 8, and the case has a hole for it. The problem is, there's only one hole, which means there's a right way and a wrong way to put the Kindle into it. Like I said, none of this would normally be a problem, except I sometimes use it while it's charging, and my outlet is on the left side of the bed. Naturally, the stand puts the USB thing on the right side of the Kindle. Assuming I don't want to cover the camera, I can either prop it up while I read, or let it charge while I read, but not both. (I'll probably order a longer USB cable, but the one the Kindle comes with is too short to wrap around to the other side.) I wish they'd punched two holes in the back and given us options for which direction the Kindle fits.3. It's got a canvassy sort of fabric covering rather than a hard plastic one like my last case.Read more",3,342,Neutral
Awesome speaker easy to set up. Easy to play. Great by the pool,5,13,Positive
"I already own the Amazon Echo, so for smart speaker, it is one of the most handy devices out there. There is so many things you will find that you can do with it and the list keeps growing. Since the software update that allows you to use ""Always On"" voice commands like its big brother, it has become my go to device.Pros:- Wireless Bluetooth Smart Speaker - I take it to work and use it in the car, even when I travel for work- Sync's up with my popular music aps (Spotify, Pandora, etc)- Alexa is very responsive and can answer your questions quickly- The best Alarm Clock- I sync up with audio books and will use it on long car rides or business trips- Speaker is able to get loud- Control smart devices like lighting and my ecobee - Option to turn Off/On voice commands, can use tap button instead- Very long range for voice commandsCons:- Only single band Wi-Fi 2.4Ghz- Battery life when using ""Always On"" voice commands is short- Speaker quality is sub par for music compared to other Bluetooth speakersOverall the usefulness of this device is near perfect for my needs, with only minimal cons. I use this device pretty much every day and is small enough to make for an excellent travel companion.Tip for BESTBUY: You should carry cases for this device as I had to get my protector elsewhere",4,236,Positive
"I'll preface this by saying that I own an iPad, and was not expecting a 99 tablet to perform at anywhere near that level. I have followed the early reviews closely, and after seeing enough satisfied customers, I figured I'd give the Kindle Fire HD 6 a try. I chose the base 8 GB with special offers and my plan was to use it as a secondary e-reader and a secondary or even tertiary vehicle for internet access. What I've found is a powerful little tablet, so far completely free of the bugs and laggy speeds mentioned in the early reviews. In fact, performance has so exceeded expectations that I consider this perhaps the year's best purchase.First off the look is nice. It's sleek, (I ordered the black model) and though actually quite a bit heavier than I'd imagined, it's not heavy enough to be considered a negative. The display is fantastic, and its quality was the first big surprise. The touch screen performs incredibly well, and to this point, I have experienced immediate response. To the point where I have to say touch response so far is indistinguishable from my iPad. Based on early reviews, this was not the case, so I have been quite pleasantly surprised. The Fire is very user friendly and easy to intuit. For those who do not feel confident with navigation of a new device, there is an immediate onscreen tutorial (with an option to skip) to guide you.I first checked out the e-reader function. My books loaded immediately and easily from the cloud and I really like the functionality of the reader.Read more",5,270,Positive
Great sound..easy to connect..problem is.. its not voice activated..so u have to push the wake button anytime u need to use it..that means it has b close at hand...,3,29,Neutral
Love it but Way to expensive,3,6,Neutral
"Great device it's zippy, has an AWESOME display, great sound for a tablet (rivals/bests any portable device I currently own, including laptops) has incredible ease of use and I'm basically all-in on the Amazon ecosystem. I know people lament the loss of Google Play, but I'm a simple guy who doesn't actually need absolutely everything. I can watch movies/videos from the major streaming services I use (Netflix/Prime), music (Pandora, Spotify, Prime), the various apps I use for fantasy sports, reading emails, ebooks (honestly the main reason I bought this thing), and reddit. That's more or less all I need it to do, and it does all of these things beautifully and quickly.The reason for the 3 star is because, as of this review, the device has the SUPREMELY ANNOYING HABIT OF LOCKING UP. It seems to happen most often when I'm running a music program while reading or browsing then attempting to shutting it off. It occurs to me anywhere from once to three times a day, but this is a device that I only use when I'm traveling around or somewhere away from my home computer, so those 1-3 times happen at the most inconvenient opportunities.Example of a recent situation: I'm waiting for my class to start so I'm hanging out at the college library, listening to some stuff on Prime while flipping through reddit, with headphones on. It's time to go in, so I switch to the music app to shut it off and simultaneously remove the headphones to put it in my bag. Except it locks up the screen stops moving, I lose any and all functions to use it, and the music just KEEPS ON PLAYING. I can't shut it off.Read more",3,286,Neutral
"Great speaker, able to move around, connect to iPad when watching movies. Love it!",5,14,Positive
Purchased the replacement controll because the original stopped working. Ordered the replacement in November and it also stopped working for no apparent reason. I changed the batteries twice with no luck. It was great for the three months it lasted. However it ONLY lasted 3 months. Unfortunately my return date expired 2 weeks ago. I Dowloaded the remote app and it consistently looses wifi conectivity (home wifi network works perfectly on all my other phone apps),1,76,Negative
"As a background, I am a retired Information Systems professional and I am writing my first impressions of the NEW Fire HD 8 released on September 21, 2016 from the perspective of being a long-term Kindle user. I have all the current e-readers and Fire devices from Amazon including the basic Kindle, the Paperwhite (2013,2014,2015 models), the Fire HD6, Fire HD7, Fire HDX7 and Fire HDX8.9 (3rd and 4th generation), the old Fire HD 8 and the Fire HD 10. Here is a summary of my initial impressions of the new Fire HD8.Amazon has replaced the original HD 8 released in 2015 with an All-New HD 8. Amazon is also removing the Fire HD6, which is a shame as it is a great little tablet.The new HD 8 differs from the old version as follows:BEST NEW FEATURE:The price has been reduced! The 16 GB version of the old device cost 169.99 with special offers (ads). The new 16 GB version costs 89.99 and you can get a 32 HB version for 30 more.SECRETLY REMOVED:Amazon has removed the ability to mirror your display on Miracast devices such as TVs. Now that feature is now only available on generation 4 and 5 Fires including last years HD 8. However, you can still cast Prime videos to a FireTV or Fire Stick.WHAT COMES IN THE BOX:The HD8 Fire, a short 3-foot USB cord and a power adapter so you can charge and use the device right out of the box.SIZE:The new HD8 is a fraction thicker than the 2015 HD8. Leather cases for the old HD 8 will fit the new HD 8 but hard shell cases will not. However the auto wake feature of some older cases won't work.One complaint I had about the earlier versions was that the back was very slick and slippery to hold without a case.Read more",5,309,Positive
I love the fact that it has the kids free time thus limiting what your child can read. Plus the parental controls the you can set time limits. It gives a parent full control over what and for how long a child can read.,5,44,Positive
I added this to my echo collection great for on the go and around the house. I don't like that you have to tap it to activate,5,27,Positive
A great looking cover for the Echo Dot. It gives the Dot a softer and more elegant look. I feel that it is a little pricy for what you get but I do not regret my decision to buy this case.,5,41,Positive
We're in our 70s and and have a good time with it.,4,12,Positive
Q: What's the difference between a 19.99 Amazon 5W USB Official OEM Charger and Power Supply and a 5.95 5V 1A (1000mA) USB port power supply - UL ListedA: 14.04 Calling it a 5W charger rather than a 5V 1A charger is a distinction without a difference.,2,47,Negative
Would buy the cheaper one than I bought.The echo is a better product,3,13,Neutral
"While this case fits a 7th Gen Fire perfectly, there is no comfortable way to hold it and it doesn't stand up on it's own for viewing. Returning to try another style",2,32,Negative
works well with the amazon fire 7,5,7,Positive
Alexa works great and does lots of things for you. Fun for the family.,5,14,Positive
Fits perfect on the new Fire 8 kids tablet!! Thanks so much for another great product!,5,16,Positive
"If you read my Fire TV review you know that I am tough on Amazon when it comes to their own items. It needs to deliver quality for the price point to earn stars from me. Please take the time to read my entire review and feel free to ask questions. I will do my best to respond to them as I can and update the review to reflect those answers and other things I discover along the way.First my background. I own many Amazon Kindles (bw, Fire gen2, Fire gen3) as well as Apple Ipad (gen 4), Samsung Note 3 and have an LG G2 smartphone (had a Samsung S4 before that), notebooks, chromebooks, etc. I have also used many other products including the Fire HDX line. I have a solid computer background as well but honestly I am more of a casual user when it comes to tablets like this one.Amazon has changed many things over the life of the Fire product line. Adding and removing features (like cameras--the first generation had one but the second generation removed them but not they are back).They are all useful devices but each one has its own niche so to speak so make sure whatever you get has the features that are important to you.Now to this model. This is like a big smartphone--which is a big difference from past kindles. It is more compact, lighter and yet still very usable. In fact for me, the shrinking of size increases the usefulness. I find that I use my smartphone way more than my tablets--even the smaller Fire HD and Samsung Note tablets so I am expecting this to replace more of that on the couch usage which is great since it so much less expensive than most smartphones. That means you can feel less bad about scratches that might occur or the accidental drops. (I am guilty of both.Read more",5,319,Positive
"I bought this to listen to music. I do not use the Alexa feature all that much. The feature does work great, but it gets annoying having to press the button vs how on the echo you just speak. The speakers work great. I can hear the music crystal clear throughout the majority of my house while playing it. Bass is decent. I would recommend to someone.",4,67,Positive
This is not the same remote that I got for my Alexa-Echo it doesn't control volume.... I think remotes most used feature is volume and pause. I would be disappointed with myself if i produced a remote that couldn't control volume. That would make me an incompetent engineer or lazy CEO!!! Amazon I expect better from you!!!,3,57,Neutral
"Great sound, it needs to be a little more sophisticated in responding to inputs. For example, yesterday I told it to play Mexican music -- didn't know any, same with Mariachi Music. Could not play any, Odd,",3,37,Neutral
we're early in the stages of home smartness but this is a good start,4,14,Positive
Tap is a nice bluetooth/wifi speaker that is portable and can give you information when you ask it questions.Can Sync with your phone via using the Amazon Alexa app.,5,29,Positive
With this you have someone to talk to and answers you.,5,11,Positive
"I bought this case at the same time I bought a new Fire tablet during Prime days. It was recommended on the tablet page, so I thought I was getting the right case. Well, it doesn't fit - not by a long shot. Then I realized the case was for a new Fire for 2017 (like mine) but 7th generation, not 8th. Since it does not fit, I now have to return it. And at my expense (arg!) I can't even exchange it for a new one because apparently Amazon does not make this case for the 8th generation Fire yet. You update one of your products, then release it, but you don't put out a case for it at the same time WTH Amazon When will you start selling Amazon cases for the Amazon Fire 8th generation I'm NOT happy with Amazon right now and am wondering whether I should keep the tablet if I can't get a case for it that has the vertical stand feature that the Amazon case has.",1,173,Negative
It works about 50% of the time when asking it a question.,3,12,Neutral
"Cons:1. Built on Android does not mean you can have Google Play Apps. This is an unfortunate inconvenience, as there are some Google Apps that are just better than their Amazon App counterparts, and a few that I can not find within the Amazon Apps. If you want a fully functional tablet, then buy a tablet and download the free kindle app. If you want to pay more for something that does less, then the kindle is for you. This was a gift, so I will keep it, and continue to use my phone for the rest of my Apps that are not available on the kindle.2. Camera is less than perfect. Limited settings available. Again, I will use my phone for pics, the same scene with my phone showed the flames, with a small amount of glare. (Husband is a firefighter, so I take a lot of pictures of their exercises for their training.) An old Casio Exilim C721 phone with 5MP camera still takes better pictures at night.3. Kindle unlimited... I can not find anything worthy of paying a subscription price every month for. The Authors I want to read are not included.4. Amazon Prime... See 3, They doubled the price, and to me I just don't see anything there worthy of the cost, including Amazon instant video, no shows that I watch are included. Another family member did the 30 day trial, and was quite disappointed when his content disappeared after the trial.5. Youtube videos work ok, sometimes choppy, could be my connection or the device (computer playback worked fine when I had the time to test simutaneously). Other online video from various sources would not play in Silk Browser, refer to 1 Chrome Browser not available to download.6. Office Suite... I can not figure out how to unlock documents. I can view them, but I can not edit them.Somewhere in the middle:1.Read more",3,317,Neutral
"I bought 2 of these for christmas presents and I have to say they aren't very kid friendly. Every kindle I've had in the past has been pretty easy to use, this one has a lot of options that I think could be elsewhere to make it easier for a child to navigate. They have an easier time using the other devices (kindle fire, or kindle app on their other tablets) which is unfortunate because I wanted them to be able to have something strictly for reading. Also for a kids bundle its very disappointing that most children's books don't work with this device. No where on the kids bundle page does it state this is an 8th generation kindle. Now, I have a few kindles and have bought new ones as they come out, but I haven't followed close enough to know this is an 8th generation without that information available on the page. I planned on buying these devices so bought a bunch of books listed as available for e-readers 5th generation. I assumed since it was the latest one listed, and my new devices didn't have anything listed, it was the latest. I just found out today that its an 8th generation and a lot of books aren't available on this device, with hopes that will change in the future. So now I have a lot of money spent on books they have to read on their old devices (the devices with games and access to the internet and videos). I spent extra money on 2 new devices so they had something to use daily without that access, all to find out their age appropriate books can't be read on their new devices. I think this information should be available to parents who are looking for a device they can sit their kids down with and not have to worry about them not focusing on something so important to them. Reading is important to children of all ages, and they can only read at their own levels.Read more",3,341,Neutral
"I typically don't post reviews however don't waste your money on this case. I got it on Friday and started using it that evening. Its now Thursday and the case is peeling at the edges, the fabric around the camera hole has started bubbling, and the felt on the inside edge is wearing off. i have not had any issues with it standing on its own like other people have mentioned. I am giving this a two star mainly because it is still functional. I am tempted to send it back but I like the functionality of this case.",2,99,Negative
"For the low price, this tablet really does more than expected! The camera isn't great however, I always use my phone for a camera so that doesn't effect me. Here are some of the pros and cons:Pros: Low cost yet high tech Great screen quality (of course there is better out there, but it looks great as is) Smooth and responsive Easy access to amazon prime content Easy to wirelessly share content to a TV Battery life Web browser works greatCons: Doesn't have some apps android users are used to having Camera quality isn't great and no flash Less 'extra features' than some higher priced tablets haveI opted to go with the 16gb version with no ads. The ads aren't a big deal, but I figured I would pass on having them on my screen. No matter what version you pick, they all do the same things. The gigs may or may not matter to you. 8 and 16 gigs both aren't very large, but if you want to predownload some tv shows, movies, music before a vacation, then you may want to look into getting the larger 16gig. If you will always have internet connection, then it isn't much a problem since you have unlimited cloud storage and can download to your device or stream at anytime you have internet.Overall... If you want an Amazon tablet, and you want the best, go with the HDX series. However, if you want an amazing tablet but don't want to spend as much, then these new HD 6 7 series are great! For me and my uses, the HD 6 is the perfect fit.I would suggest the 6 over the 7 for most buyers. The only 2 things the 7 has over the 6, are a larger screen, and dual speakers. Sure the dual speakers is kind of nice, but the screen is actually lower quality than the 6.Read more",5,318,Positive
"a hrefhttp://www.amazon.com/review/R205OAX284SIMieUTF8videoPreplay1 onClickreturn cvmoOTYXBAMRIF04loadSwf() targettopimg80 border0 srchttp://ecx.images-amazon.com/images/I/81ppteZJwKS.SX320PHcustomer-video-vignettePIvideo-reviews-bottom,BottomLeft,0,43OU01PIcustomer-video-play,BottomLeft,130,-12CR0,0,0,0.png altClick to watch this video idcvmoOTYXBAMRIF04preplayImageId //a Length:: 0:45 MinsNOTE ON VIDEO:I've made this to illustrate the current works of Fire TV's voice search feature. It appears to be limited to Amazon content, at least for videos. I believe that they do include a third party service if you search for music.I am searching for House of Cards, Season 2, a Netflix original. I am a Netflix subscriber so I would expect the Netflix listing to be displayed but Fire TV only returns the show's Season 1 available for purchase at Amazon and does does not list Netflix at all. As a Netflix subscriber, I could watch both seasons 1 and 2 for free but, according to Fire TV's search, Season 2 doesn't exist and I'd have to pay 2.99 per episode if I wanted to watch Season 1.See how Roku's search (second half of video) correctly shows that Season 1 is available from Netflix, Amazon, MGo and Vudu and that I can gety get Season 2 from Netflix. It's also telling me (checkmarks) that I subscribe to 3 of the 4 services listed.It's up to everyone to weigh Amazon's faster and more convenient voice search feature that returns Amazon-only content vs. Roku's ability to find content across the channels/services it carries.REVIEW BEGINS HERE:As a current/former owner and user of streamers such as Roku 3, Roku Stick and Google's Chromecast and also streaming/gaming platforms such as PS3/PS4 and Xbox 360/One, I believe I can do a fair assessment on what Amazon's Fire streamer is about and how it compares with the alternatives. I rely on reviews to help me make informed and rational purchase decisions and, hopefully, my assessment of Amazon's Fire TV may help others decide whether this is what they need or want.BROAD ASSESSMENTThe Fire TV will have to find its place in a pretty crowded marketplace. From what I've experienced so far, due to its tight integration with the Fire HDX tablets and Amazon's own Instant Video service in search it should be a great pick for anyone who owns the Amazon tablet and already subscribes to Amazon's Prime. Its ability to play games and the ease of downloading them should also appeal to non-hard-core gamers. For everybody else, depending on one's specific needs and expectations, the Fire TV may or may not be the 'right' streamer to buy.As one who purchased Amazon's original Kindle Fire on day one and went through several generations of Amazon's Kindle reader I expect that Amazon's streamer will also evolve or grow overtime. Amazon will listen to 'us' and the next generation streamer will be a much more interesting, 'new and improved', more capable and better tuned to our needs and wants. Until then, I would say that the current Fire TV is a competent, Amazon-content-biased (through search) streamer with gaming capabilities, lacking some in content and showing some innovation on search (offset by its currently favoring Amazon's service) and the user interface in general. Parental controls and the games could make it a favorite streamer if young children are also watching. If all you want is streaming and don't care about casual gaming you may feel that you are paying for capabilities that you don't need.CONTENTThe Fire TV offers most but not all mainstream services and I suspect it covers what most of us will ever want to access and I am sure that more services will be added in time. However, at this time Amazon's selection pales when compared to Roku's 1000+ wildly diverse channels but the Rokus have been around for a while. All mainstream services now on Fire TV are also available on Roku, PS3/4, Xbox 360/One and many on Google's Chromecast.Fire TV attempts to be a little different when it comes to accessing content, allowing for voice search but results are currently returned mostly from Amazon's Instant Video. By comparison, Rokus offer text based cross-service search with results returned from most 'big' providers. Amazon's attempt to predict and preload what we are most likely to watch will have to be assessed over a longer period of time so, time will tell.The soon to be implemented parental controls should differentiate and distinguish Amazon's product from the competition once they are implemented.INNOVATIONAmazon's great innovative, revolutionary, disruptive device was the Kindle reader and the enhanced Kindle Paperwhite. I suspect that thousands of acres of trees are still known as 'forests' instead of 'recyclable material' these days because of the Kindle. Amazon's Fire tablets are nice but they are... tablets. The Fire TV streamer/gaming device falls probably under 'okay' or 'interesting' streamers and 'not too bad' gaming platforms.The quad-core CPU is also nice but, whether I'm streaming on a significantly more powerful PS4 or a tiny one-core CPU Chromecast, the video/audio quality seems to be comparable and practically indistinguishable. I assume that the reason for a more powerful CPU is the game-playing part.The lack of large permanent storage (HDD) implies that, as a gaming platform, the Fire TV will allow for mostly small to medium-size games with a lot of cloud interaction and storage. Again, a feature that may not be suitable for those whose ISPs charge by the Megabyte or impose a monthly download quota on their customers.Game playing on the Fire TV works but those used with big console's lag-free controllers that 'rumble', talk back and sense motion may not view the Fire TV as a serious gaming platform.I would say that Amazon's streamer is solidly in the mainstream as far as innovation. It's a quality product but not a revolutionary one and that's still Okay.VALUEThere's very little that Amazon's Fire TV does that other platforms don't do.- The PS3/4 and the Xbox 360/One are vastly superior gaming platforms and equally good streamers and multimedia machines. Only they are much larger physically and cost significantly more.- The Chromecast and the Rokus are a lot more innovative and allow for a lot more flexibility and integrate nicely with tablets and PCs and allow for streaming personal content without being limited to a specific brand or model of tablet. They are also somewhat more difficult to setup.- Small streamers such as the Roku Stick and the Chromecast are very portable as they fit into one's shirt pocket. Amazon's Fire TV could be carried around at least in theory but it's not as easy to move around.- Roku is still the leader of 'content' but Amazon's selection should cover what most of us want to watch most of the time.- The Fire TV costs a lot more than a Roku or a Chromecast but, even if a gaming controller is added, is still less than a PS3 or an Xbox 360- Voice search as implemented on Fire TV at the time I am writing this (restricted to Amazon and Vevo) is in effect hiding content from other services, potentially costing you money if one show is available to purchase or rent at Amazon but it may be also carried by another service you subscribe to as a 'free' stream.WHO NEEDS ITAnyone who already has one or more Roku, Chromecast or Xbox, Playstation in their homes probably don't need one at this time. Unless they are tightly integrated into Amazon's ecosystem or are cable cutters who wish some tighter controls over what their kids are watching.Those who are looking for their first streamer should consider- Fire TV's ease of use (beats the Chromecast but it's probably on par with Roku and the Xbox/Playstations)- Amazon's great user support- Roku's enormous channels selection- Playstation and Xbox being clearly superior gaming platforms (if you don't mind paying up to 60 for newly released games)- Amazon's attempt to keep their users confined to Amazon's own hardware platforms and content streams vs. Roku's and Chromecast relative openness- Fire TV's split gaming/streaming personality (Jack of 2 trades) vs. Roku's and Chromecast focus on streaming- Price, of courseIt's not an easy decision to make. I would be very happy with the Fire TV if it was the first streamer device in the house. With so many stream-capable and game-playing boxes/sticks already operating and doing well, I like Amazon's Fire TV for being a well designed, capable streamer with some nice extra capabilities but I also like and I've been using the Rokus for their huge number of channels and portability and great interface and the Chromecast for allowing me to easily send whatever is in my Chrome browser to the TV. I hope that Amazon's search will soon expand to cover non-Amazon services or it won't be a useful tool. I may not have the the Fire TV attached to the big TV in the living room but our daughter who happens to be a faithful Kindle and Amazon Prime user asked for it in her room.",3,1465,Neutral
It's pretty cool. Integration with Amazon Music via the mobile phone interface is a little iffy which is odd given both products come from the same company.,4,27,Positive
I habe the echo and I bought this one fort my son's room but it's not as user friendly. I wish I would've just bought the other one.,2,28,Negative
Works great to protect the Kindle from drops.,5,8,Positive
Having to press to talk steals the real thunder of what the amazon echo can do.,3,16,Neutral
"While I've purchased items from Amazon for years, I rarely write reviews. I felt compelled to write one because, although there are only a few reviews at this point, I have never seen such a good product get such bad reviews. I'm hoping as more people purchase these, the star rating will be more accurate of the product itself. I'll address the three biggest complaints I've read from others:Sound Quality: I think these headphones sound great. I've never owned an expensive pair so I'm not able to compare them to higher-end offerings, but I've owned dozens of cheap and mid-range headphones in the 15-50 range. I'm not an audiophile or a musician so if I'm missing something that should be coming through, but isn't, I'm fine with my ignorance. I would say they're slightly better than Apple's buds (which I liked very much and used for years, most recently using their redesigned ones for about a year). There's no tinny, listening through a can sound that's all-too-common with headphones in this price range. As far as people saying they don't compare to Apple's buds, well I don't know, maybe they have some crazy exclusive version of Apple's buds that are amazing. But compared to the regular earpods, I think Amazon's headphones actually sound a bit better. They provide a nice, full sound and represent highs, lows and mids equally well (mainly listening to metal).Fit and Feel: Some people have complained about these falling, or feeling like they're going to fall, out of their ears. There's some validity to this, although obviously it depends on your specific ears. I don't feel like they're going to fall out at all, but if I give the cord a tug, they don't stay as secure as my Apple buds.Read more",3,296,Neutral
"Ok first things first, I also own a Echo and if you own a Echo you will love the Tap.Now you will see a lot of reviews around the internet of people saying they wish the Tap was voice enabled like the Echo. I happen to think those people are not completely thinking things through. Because the Echo is not meant to be a mobile device. It generally sits somewhere in your house and the voice command is then a great feature to have. But the Tap is meant to be mobile, and therefore I am happy it's not a Voice command device. I would not want to be at the beach or on a subway or at the coffee shop and having this thing think the world is taking to it. So I actually think not having a voice command is a well thought out feature. I have the Echo on my kitchen counter and the Tap in my Studio office. And when I leave my office I just grab it and go.I bought this on sale for 89 and I went to the store and listened to many Bluetooth speakers. And while yes the charge 3 sounds better, all the charge 3 can do is be a Bluetooth speaker. While the Tap is so much more for less . And the Tap sounds Great. After looking online I was a little nervous that it would not sound that great, but I was 100 wrong about that. There is no other product out there for 89 that sounds this good and can do what the Tap does.I was not paid or given a Tap to write this review. I'm just a consumer who was it the market for a Bluetooth speaker, and I could not be happier with my choice.Also if you buy this device buy the Amazon sling as well. Trust me you will want it. And honestly I am again happy I got the one that covers the bottom of the Tap. Because if this was sitting on a table and someone knocked over a drink I would not want the bottom where the charging rings are to be exposed.That's it, that's all. Buy it, you won't be disappointed!!!!!",5,372,Positive
A great looking cover for the Echo Dot. It gives the Dot a softer and more elegant look. I feel that it is a little pricy for what you get but I do not regret my decision to buy this case.,5,41,Positive
"This is the middle model of the three models that Amazon is shipping this year: the Kindle Fire HD, the Kindle Fire HDX (this tablet), and the Kindle Fire HDX 8.9. This is the successor for last year's Kindle Fire HD but with an updated operating system and new features, a redesigned shell (with the power and volume control buttons more readily accessible), an absolutely amazing display, superb sound, an included power adapter, and the new Mayday feature.Update: Some users are reporting a bluish glow around the edges of the screen for the HDX. If you search on YouTube for HDX Blue Haze, you can find a video showing the issue. Amazon has updated their Learn More link with the following info:To achieve the perfect color accuracy on Kindle Fire HDX 7 at the lowest possible battery consumption and device weight, we used blue, not white, LEDs. Blue LEDs allow for a much more accurate and rich representation of color and result in an up to 20 improvement in power efficiency.As a result of using these blue LEDs, you may notice a very narrow, faint blue tint around the edge of the device when looking at items with a white background, such as books or web pages. All displays have some level of light emission around the edges, and the light on the Kindle Fire HDX 7 is blue due to the technology used to render perfect color accuracy.If this is something that you think would bother you, I'd recommend taking a look at the YouTube video or taking a look at the HDX at a local Best Buy or office superstore. I've also uploaded a user image here of my HDX with a book loaded so that you can see the blue glow (http://www.amazon.com/gp/customer-media/product-gallery/B00DOPNO4M/).Read more",5,296,Positive
"While I've purchased items from Amazon for years, I rarely write reviews. I felt compelled to write one because, although there are only a few reviews at this point, I have never seen such a good product get such bad reviews. I'm hoping as more people purchase these, the star rating will be more accurate of the product itself. I'll address the three biggest complaints I've read from others:Sound Quality: I think these headphones sound great. I've never owned an expensive pair so I'm not able to compare them to higher-end offerings, but I've owned dozens of cheap and mid-range headphones in the 15-50 range. I'm not an audiophile or a musician so if I'm missing something that should be coming through, but isn't, I'm fine with my ignorance. I would say they're slightly better than Apple's buds (which I liked very much and used for years, most recently using their redesigned ones for about a year). There's no tinny, listening through a can sound that's all-too-common with headphones in this price range. As far as people saying they don't compare to Apple's buds, well I don't know, maybe they have some crazy exclusive version of Apple's buds that are amazing. But compared to the regular earpods, I think Amazon's headphones actually sound a bit better. They provide a nice, full sound and represent highs, lows and mids equally well (mainly listening to metal).Fit and Feel: Some people have complained about these falling, or feeling like they're going to fall, out of their ears. There's some validity to this, although obviously it depends on your specific ears. I don't feel like they're going to fall out at all, but if I give the cord a tug, they don't stay as secure as my Apple buds.Read more",3,296,Neutral
"I don't know what's wrong with fire tv remotes, but they tend to malfunction after a while. I have no intention of buying another one, when the replacement remote breaks again, I'm done with amazon fire tv and will look for another provider. Unless amazon gives me a free remote",1,50,Negative
I recommend this speaker Easy to work great sound,3,9,Neutral
Remote worked well for about 30 minutes but now jumps around several spots when using the up down left right buttons. I didn't really like using the phone app but will now have to go back to it.UPDATE: I was contacted by customer service and was advised to remove batteries and insert a fresh pair (although batteries were brand new to begin with) and to unplug the firestick to restart it. The remote has been working properly since doing this. I also used the same batteries. I just hope this isn't something that will need to be done frequently.,4,99,Positive
"Good cover love the standing feature, one big flaw.... It need cut outs for the speakers when shut....Music still plays when active and cover closed to protect screen but there are no cut outs for the speakers thus destroying the sound..... This is a huge design flaw for the case.",3,50,Neutral
"The Amazon Echo Tap is a nice & interesting device...but it did not fit my needs. I also have the Amazon Echo and absolutely love it. So what's the difference? A. You have to walk up the the Tap to touch it - this is not as convenient and not as fun as the talking to the Echo from across the room. B. The audio quality not very good - more like a small bluetooth speaker. C. The Tap is fine around the house when it's connected to the home wi-fi, but when you are out of the house it must connect to your cell phone or other wi-fi?? That is not going to work very well.",3,117,Neutral
My adaptor doesn't work. Maybe I'm doing something wrong but there are no instructions. It looks pretty simple. So it just simply doesn't work.,1,24,Negative
"Let me guess: you love books, but you're not sure you want to get a kindle because you love the feel of books, rightI'm here to tell you that the kindle is the perfect balance of book and digital format.SHORT REVIEWYes, you should buy a kindle. Get the paperwhite with no ads. You're welcome.LONG REVIEWI love physical books too, I'm with you. But I know myself, and I know that once I forget to take the book I'm reading with me, that's it. I'll start another book and rarely finish the first. I also know if I try and read on my phone or iPad that I'll get distracted and start wondering about what's happening on the internet (Instagram's not gonna scroll ITSELF). Either way I'm not finishing the book.WHY KINDLEThe kindle takes the best of both worlds and mashes them together. The e ink display is honestly incredible. I wish iPhones had an e ink display. It really looks just like a printed page. So you get the experience of reading a physical paper book, but with the perks of being digital.Namely:- Share what book you're reading to Goodreads, Facebook, or twitter (so you can look SMORT)- Built in dictionary (so you can learn the proper spelling of the word SMORT)- Export your highlights as a PDFPlus, it'll also sync with the kindle app on your phone so you can squeeze in the final few pages of the chapter while you're in the bathroom (don't pretend you don't do that. You're either on your phone or you're reading the febreeze ingredients)READING IN BEDThe backlight looks great. It's a perfect size.Read more",5,272,Positive
"Bought a refurbished kindle and literally after one month of owning it the device started to freeze. I had to reboot it multiple times and then it would start working. Went on a trip and it worked as it should but as soon as I returned the battery died and I charged it over night and the next morning the screen was frozen with the character reading a book under a tree. I tried all rebooting methods (20 seconds, 40 seconds, 1 minute) and nothing. Called customer service and was on the phone for an hour. Eventually they said that they could only give me 35 off the next purchase of a new kindle. I was pretty bummed out that a refurbished product of their own was not backed by them. I ended up buying a new kindle with the discount they gave me but should have just went with a new one to begin with since I ended up spending the same amount of money and had way more of a headache to deal with. Now I have to figure out what to do with this new Kindle Paper Weight that I have.",1,194,Negative
"I bought these for a couple of reasons.First, I wanted an earbud that was NOT designed as noise cancelling. I hate having to shove headphones into my brain to use them. Apparently, a lot of people are under the assumption that these are supposed to be noise cancelling or something which they are not. They are simple earbuds. I hate not being able to hear what is going on around me and don't feel safe in public using headphones that block everything else out. These are designed just like the old style earbuds that you stick in your ears but they are more comfortable. Maybe I have small ears or something but they could never fall out or dislodge from my ears. They don't cancel the outside noise but they sit in my ears exactly as they are supposed to so the sound travels right into my ears.Second, I really like the magnets and tangle free aspects of the headphones. I use headphones while I work and the magnets allow me to hang the headphones easily when I am finished with them. The flat cord and magnets also mean the headphones never really tangle when you put them in a bag or wherever. Awesome design.Finally, the sound I get out of these seems pretty average. I would compare them to the stock Apple iPhone earbuds or a set of Sony earbuds. Nothing special. They are only 25 and a lot of that is the fact these were just released and that you are paying for the design as far as magnets in the ear buds and the nice flat cable. Don't expect them to perform like 100 headphones because they aren't designed to perform like that. They are just a nice simple set of earbuds that will sound good to most people. The magnets and tangle free cord are awesome and they are really quite comfortable.Read more",5,317,Positive
Great additional piece to go with Echo. If you want a additional unit you can't beat this product and the price!,5,21,Positive
"I purchase almost everything with the exception of food from Amazon. I have been a prime member since the inception of the program. Without exception, I have always received EXCELLENT customer service. Until now. I'm having difficulty with my Fire TV connecting to my wifi. Last Saturday I spent approximately 1- hours (maybe 2) troubleshooting with two women techs on the phone. Mary (who I was passed to from the first tech because of her expertise) said she thought it wasn't just a problem unique to me and asked me if she could call me back on Sunday after researching the problem. I had no problem with that. No call on Sunday so I called on Monday. Much to my surprise, there was no record of my call attached to my file. The rep was confused as to whether I was talking about fire wire or Fire TV so I was first sent to a different department. Finally, I got through that fire wire was not the same as Fire TV and I was transferred back to digital. We went through the same troubleshooting taking up a lot of my time. I was willing to do it until we were going around in circles and my phone was running out of juice. The gentleman asked me if he could research and call me later in the day. NO CALL. It's Tuesday--still no call.It really pains me to have to say anything negative about Amazon's Customer Service as it has NEVER BEEN LESS THAN EXCELLENT IN THE PAST. I've noticed I haven't gotten a survey as I usually do after a customer service call. Whoever Amazon has farmed out their digital customer service to will ruin their excellent customer service reputation and they will lose sales because of it. I'm going to wager a bet that there is no record of the 3-4 hours of my time on the phone trying to solve a problem and no record of two promises to call me back. I would have had more respect for these reps if I had received a call saying they were sorry, but they weren't able to come up with a solution for me.I'm hoping Amazon has kept a record of my past reviews and will review my account and see just how much I've spent over the years as a loyal customer. I'm very disappointed that I had to write this review, and I'm hoping someone who can change things reads this and saves Amazon's reputation. I can't be the only one receiving this kind of treatment. It's obvious that the people who are techs for Fire TV are not the same techs that I've dealt with in the past. In fact, I don't think they are even in the same country. What a pity.",1,467,Negative
"While I've purchased items from Amazon for years, I rarely write reviews. I felt compelled to write one because, although there are only a few reviews at this point, I have never seen such a good product get such bad reviews. I'm hoping as more people purchase these, the star rating will be more accurate of the product itself. I'll address the three biggest complaints I've read from others:Sound Quality: I think these headphones sound great. I've never owned an expensive pair so I'm not able to compare them to higher-end offerings, but I've owned dozens of cheap and mid-range headphones in the 15-50 range. I'm not an audiophile or a musician so if I'm missing something that should be coming through, but isn't, I'm fine with my ignorance. I would say they're slightly better than Apple's buds (which I liked very much and used for years, most recently using their redesigned ones for about a year). There's no tinny, listening through a can sound that's all-too-common with headphones in this price range. As far as people saying they don't compare to Apple's buds, well I don't know, maybe they have some crazy exclusive version of Apple's buds that are amazing. But compared to the regular earpods, I think Amazon's headphones actually sound a bit better. They provide a nice, full sound and represent highs, lows and mids equally well (mainly listening to metal).Fit and Feel: Some people have complained about these falling, or feeling like they're going to fall, out of their ears. There's some validity to this, although obviously it depends on your specific ears. I don't feel like they're going to fall out at all, but if I give the cord a tug, they don't stay as secure as my Apple buds.Read more",3,296,Neutral
"WAS SURPRISED HOW GREAT THIS WORKS , MUSIC ASK IT QUESTIONS AWESOME",5,12,Positive
"Updated 12/8/2014One year in...This review is for the the no-ad 64 GB wifi-only HDX 8.9.I use a Galaxy S5 Android smartphone so the HDX is for media / web surfing / offline viewing for travel. Since I had already been using Amazon Prime and Prime Music it was a no brainer for me to use the HDX to fill the role of media / web surfing on a tablet.Be informed about the download limitations to this device. Amazon has been adding clarification to this which should help would-be purchasers make a more informed opinion. This wasn't as obvious as it should have been when I ordered mine so they're listening which is good.Be aware that their most popular Prime content *may* not be available to download (and save) to your HDX. You can save certain videos to your HDX but you won't know which ones until you buy an HDX and try it out. *** Edited 12/21/2013 You can now see a list of Prime movies and shows that can be downloaded to the device. That's an improvement and more clearly shows the available downloadable Prime content. +1 for Amazon. ***I was also under the assumption that you could download as many videos as you'd like with the limiting factor being the memory capacity of the HDX. Also NOT the case. So again, I bought the larger capacity HDX under this assumption. That was dumb on my part as it turns out because you're not limited by storage capacity. You're limited the NUMBER of downloads you can have on your device. Kids' content can be really short so you may find yourself running into that limitation, but most people never will.Read more",3,282,Neutral
"Sling is simply awesome and so is the Amazon Tap!! My tap arrived this morning along with this sling and I am currently testing both products out as we speak!! This sling allowed me easy access to carry my tap to work today!!One nice thing I like about the tap is that this sling is not required but it is a very nice addition.. It provides great protection for the tap, which is what I needed it for.. My tap is going to be like a mini, portable Sonos for me.. It's going to be a speaker I take with me daily!! So I wanted this sling to protect my speaker and keep it from getting dinged up.. Even though it provides minimal coverage for the speaker, it still protects it from dings! The minimal coverage is needed not to hurt the sound quality coming from the speaker... Taking the speaker to the beach, camping, hiking, to parties, I wanted something to protect it while in use!! This sling is going to do just that!!Another thing it does is allows me to hang it from my bag!! At first, I was afraid the silicone wouldn't be strong enough for that and would stretch.. Well so far, no issues!! I use a carabiner and attach it to my bag!! No stretching and super easy to carry my tap with me!Pros1.) Can access all buttons in the sling2.) Can charge with the sling on (Via USB port not dock)3.) Allows personalization of your Tap4.) Protects your Tap from dings and since my tap isn't for home use, this is great5.) I love the bright and vibrant colors6.) Silicone is plenty strong enough for hanging7.) Doesn't adversely affect sound qualityOverall: I do feel 20 for the sling is a little high but for the protection it provides my brand new tap, I very happy with it.. I didn't buy my tap to sit still at home..Read more",5,324,Positive
"It blows my mind theres not a class action lawsuit against amazon for their crappy fire tv remotes. After mine died, like every other fire tv owner, i refused to buy the same crappy expensive remote only to have it die again. I found this cheaper option, it works just fine with the newer fire TV, it obviously doesnt have the alaxala voice command but i never used that anyway.",3,70,Neutral
"While I've purchased items from Amazon for years, I rarely write reviews. I felt compelled to write one because, although there are only a few reviews at this point, I have never seen such a good product get such bad reviews. I'm hoping as more people purchase these, the star rating will be more accurate of the product itself. I'll address the three biggest complaints I've read from others:Sound Quality: I think these headphones sound great. I've never owned an expensive pair so I'm not able to compare them to higher-end offerings, but I've owned dozens of cheap and mid-range headphones in the 15-50 range. I'm not an audiophile or a musician so if I'm missing something that should be coming through, but isn't, I'm fine with my ignorance. I would say they're slightly better than Apple's buds (which I liked very much and used for years, most recently using their redesigned ones for about a year). There's no tinny, listening through a can sound that's all-too-common with headphones in this price range. As far as people saying they don't compare to Apple's buds, well I don't know, maybe they have some crazy exclusive version of Apple's buds that are amazing. But compared to the regular earpods, I think Amazon's headphones actually sound a bit better. They provide a nice, full sound and represent highs, lows and mids equally well (mainly listening to metal).Fit and Feel: Some people have complained about these falling, or feeling like they're going to fall, out of their ears. There's some validity to this, although obviously it depends on your specific ears. I don't feel like they're going to fall out at all, but if I give the cord a tug, they don't stay as secure as my Apple buds.Read more",3,296,Neutral
"While I've purchased items from Amazon for years, I rarely write reviews. I felt compelled to write one because, although there are only a few reviews at this point, I have never seen such a good product get such bad reviews. I'm hoping as more people purchase these, the star rating will be more accurate of the product itself. I'll address the three biggest complaints I've read from others:Sound Quality: I think these headphones sound great. I've never owned an expensive pair so I'm not able to compare them to higher-end offerings, but I've owned dozens of cheap and mid-range headphones in the 15-50 range. I'm not an audiophile or a musician so if I'm missing something that should be coming through, but isn't, I'm fine with my ignorance. I would say they're slightly better than Apple's buds (which I liked very much and used for years, most recently using their redesigned ones for about a year). There's no tinny, listening through a can sound that's all-too-common with headphones in this price range. As far as people saying they don't compare to Apple's buds, well I don't know, maybe they have some crazy exclusive version of Apple's buds that are amazing. But compared to the regular earpods, I think Amazon's headphones actually sound a bit better. They provide a nice, full sound and represent highs, lows and mids equally well (mainly listening to metal).Fit and Feel: Some people have complained about these falling, or feeling like they're going to fall, out of their ears. There's some validity to this, although obviously it depends on your specific ears. I don't feel like they're going to fall out at all, but if I give the cord a tug, they don't stay as secure as my Apple buds.Read more",3,296,Neutral
"The case that came with my Oasis had an edge that wasn't quite glued down. Amazon replaced it without difficulty and the new case is flawless.It detaches from the Oasis quickly and easily. I pull the Kindle off when I'm holding it one-handed and pop it right back in when finished.My only complain, which is a minor one, is that the felt inside cover can collect dust and dirt. But I don't know that there's a better way to construct it since the interior needs to be soft when it rests against the screen.In any case, it's a brilliant bit of kit, and I would buy another in an instant were anything to happen to the one I have now.",5,120,Positive
"So far, this is doing what I wanted it to. I purchased it for having Alex hear me from my bedroom and my dining room. At times when I am playing music louder or just wanting her to do a command, I have to repeat myself louder. I usually keep the remote in the bedroom to give her commands but I will move it when I have company and am sitting down to eat or with guests in living room. I can practically whisper the command using the remote whereas without it, I have to shout the command out to the other room. Also, did not find opening the back to insert batteries that difficult. Did take a few tries to pair it. I ended up replacing the batteries that were sent with Duracell",5,134,Positive
"*Edit 12/23/15*It appears that the linked SD card below and the one made for Fire tablets are the same price now, although the Fire one still does not come with an adapter. Should have been that way from day one.*end editLet's get the cost/benefit of buying this versus the 50 model out of the way. For 100, you get:7 Kindle Fire without sponsored lockscreens 65Kid-proof case 202-year accident protection 161-year of Free Time Unlimited 36 minimumThat's a nice value! I've seen a few reviews where people are upset that it doesn't work without Wi-Fi, but I'm not sure what their expectations are. If you have previously download an app/game/video and it doesn't require internet access (some do, some don't), it works fine. As for performance, it's OK. Not great. It freezes every now and then and needs to be rebooted more often than I'd like to get it working again. This is frustrating to a 3-year-old, as you can imagine. Hard to complain too much given the price, but I was expecting it to be more stable.You will want to buy a micro SD card because the Fire OS takes up 5 of the 8 GB of on-board storage. This is where Amazon is doing something that is, shall we say, a little sketchy. When you customize your purchase, it allows you to select the SanDisk 32 GB SD Memory Card for All-New Fire Tablets for 19.99 (or more or less depending on the storage size), but gives you no other options. This SD card is by the looks of it the exact same as this one ...Read more",3,269,Neutral
"I've had the REPLACEMENT remote 3 months and it's stopped working. If I want to use my Amazon Fire TV (which I love) I have to use my cell phone or my tablet. It defeats the purpose of having voice remote. It also makes me question and second guess whether I should purchase the ECHO. Is it going to quit after 3 months I mean, come on, 30 for 3 months use And it's too late to send it back.",1,80,Negative
"This little speaker is way better that her mother. after that update making it hand free, i recommend to anyone.",5,20,Positive
"I've had 4 kindles and have loved each until now. I tried to save a few bucks by purchasing a refurbished fire 10. I'm so disappointed in its performance. It's slow loading , it freezes up and I have to constantly restart it. Battery life is terrible.",3,47,Neutral
"I bought one for myself and a couple as gifts, it's cute but still haven't figured out what's so great about it. I will say that it does pick up your voice throughout a huge room.",3,36,Neutral
"If you're reading reviews of the new 3rd generation Paperwhite, you're likely considering buying one. If so, you're probably in one of these categories:* Never owned a Kindle e-ink reader* Own an older Kindle e-ink reader, but not a Paperwhite* Own a first or second generation PaperwhiteI'll save my opinion on whether the new Paperwhite 3 is worth buying until the end of my review. (But I will say this: They've taken a great product and made it even better.) First, here's a comparison of the new Paperwhite with the second generation Paperwhite (comparisons are for the wi-fi models):Second Generation Paperwhite (2013)-------------------------------------------Size: 6.7x4.6x0.36Weight (wi-fi version): 7.3 ouncesDisplay: 6 diagonal, 212 pixels per inch, 16-level grayscale, LED frontlitStorage memory: 4GBPage turns: TouchscreenNumber of fonts: 6Display lighting: Manually adjustable front-lightingAll-New Paperwhite (2015)------------------------------Size: 6.7x4.6x0.36Weight (wi-fi version): 7.2 ouncesDisplay: 6 diagonal, 300 pixels per inch, 16-level grayscale, LED frontlitStorage memory: 4GBPage turns: TouchscreenNumber of fonts: 7Display lighting: Manually adjustable front-lightingNote that the physical size is identical to the older Paperwhite, so covers and sleeves that worked with the older Paperwhites are still usable (thank you, Amazon). The most obvious difference is the screen resolution: 300 pixels per inch is a major jump from the 212 pixels per inch in the older Paperwhites.Read more",5,209,Positive
I've owned several different tablets. This one is by far the slowest. And I don't mean it's a little slower. I mean you have to wait up to 2 minutes sometimes for the apps to load onto the screen. Opening apps can be quick or take up to 3 minutes. I've had far more issues with this Fire than any of the others we've owned. If I had realized the difference in speed I would have kept my old one. It's definitely not work the larger screen. It's a crap shoot on a daily basis on how fast it will be. But even on it's fastest day it's significantly slower than the others.,3,113,Neutral
Looking for a radio for the kitchen this works great the more you use it the smarter it gets,5,19,Positive
"Don't bother paying for one or getting a replacement, it just isn't worth it.After so many of these things failed so many customers I thought Amazon would come up with a newer, better product but they have not yet.I have gone through three of these things and after the last one died I contacted customer support about it.The guy I spoke to said don't waist your money or your time anymore,upload the Amazon FireTV app on your tablet or phone, it will not fail you.It is not an exact duplicate of the remote face, but it works quite well with both Fire TV and Fire Stick.",2,106,Negative
"This works as a case, and matches the color of the kindle nicely. The main feature I wanted was the stand, however. It is only one corner flap, as pictured. I incorrectly assumed there might be slightly more technology involved. There is no stop or anything to keep it from going completely flat backward. Starting out, my kindle would sit at a nice 70 degree or so angle from the table, but now my kindle will sit at maybe 30 degrees off the table. Eventually it will just go flat. I've had it for maybe 3 weeks. If the stand feature is important to you, get a different case.",2,109,Negative
"the speaker voice quality is terrible compare the similar size my logitech UE BOOM.the price is too high, even I got on promotion with $79",1,25,Negative
I returned it because I wanted better sound...opted for a bose soundlink. Decent speaker with nice amazon prime/Alexa features...just not the sound I was looking for.,3,26,Neutral
"This product is ok, wasn't too impressed with the commercial was defiantly more interesting",3,14,Neutral
"I am now having to order my third remote because it randomly dies for no reason. Replacing batteries, attempting to resynch, etc... don't work. It reaches a point where it just stops functioning.On the positive, I love that it's bluetooth and I can use it anywhere in the room without having to point it right at the Fire box.",2,59,Negative
"Major fan, didn't buy this because of protection, bought it cause it will blend in to my decor. It is not a skin, so it's not skin tight. Yes it's loose but how often will you grab it and move it. Me maybe once every year.",5,46,Positive
Great Bluetooth speaker with the added benefit of Alexa,4,9,Positive
"The product works well. However, you have to hold down the button to use the best part of the device, Alexa. I really wanted to take it back because it can be a little annoying to hold down the button every time you have a question but the sound quality of this product is just so dog on awesome!!",3,59,Neutral
Great Speaker but I really don't need the features. I just need good sound and don't really use anything besides that,3,21,Neutral
"While I've purchased items from Amazon for years, I rarely write reviews. I felt compelled to write one because, although there are only a few reviews at this point, I have never seen such a good product get such bad reviews. I'm hoping as more people purchase these, the star rating will be more accurate of the product itself. I'll address the three biggest complaints I've read from others:Sound Quality: I think these headphones sound great. I've never owned an expensive pair so I'm not able to compare them to higher-end offerings, but I've owned dozens of cheap and mid-range headphones in the 15-50 range. I'm not an audiophile or a musician so if I'm missing something that should be coming through, but isn't, I'm fine with my ignorance. I would say they're slightly better than Apple's buds (which I liked very much and used for years, most recently using their redesigned ones for about a year). There's no tinny, listening through a can sound that's all-too-common with headphones in this price range. As far as people saying they don't compare to Apple's buds, well I don't know, maybe they have some crazy exclusive version of Apple's buds that are amazing. But compared to the regular earpods, I think Amazon's headphones actually sound a bit better. They provide a nice, full sound and represent highs, lows and mids equally well (mainly listening to metal).Fit and Feel: Some people have complained about these falling, or feeling like they're going to fall, out of their ears. There's some validity to this, although obviously it depends on your specific ears. I don't feel like they're going to fall out at all, but if I give the cord a tug, they don't stay as secure as my Apple buds.Read more",3,296,Neutral
Like a previous reviewer mentioned it is fabric over hard plastic it is not a snug or tight fit. Good quality though.,3,22,Neutral
I bought this as a Christmas gift and it sounds amazing. And of course the integration is wonderful too.,5,19,Positive
"We love this speaker for listening to music, the weather, news, or just anything. It is super portable and even has a hands-free option so it is really like a mini Echo!",5,32,Positive
"We got this the day it came out. I have a four year old daughter, and she loves it! We have an iPad for her, but it was getting very expensive because so many of the games have buttons that you can click which then tell you about things you need to buy and she would have to have them. This tablet restricts all in app purchasing. Yay! We tried the older version of this tablet but it kept freezing and did not perform well. But so far, this one works well. I have two requests to Amazon, and I am hoping that someone from Amazon reads my review so they can make this change. Please change Amazon Freetime so that it puts the story apps that are under apps into the books sections. There are many wonderful stories that are read out loud but they are in the apps section instead of the books section, so then when I restrict her tablet to books only, she can't access them. I would love it so much if you they would fix this. A few examples of the stories she can't access when I restrict her to books because they are considers apps are the following: Nighty Night!, Charlie Brown's, The Berenstain Bears, and Dino-Store Story. The other recommendation I have is to please hide from view the activities that are restricted. As it is now, she can see all the apps but gets an error message when she selects them. I really like this product, and I think it so great for children. It just needs a few little improvements to the Freetime interface.",5,274,Positive
"While I've purchased items from Amazon for years, I rarely write reviews. I felt compelled to write one because, although there are only a few reviews at this point, I have never seen such a good product get such bad reviews. I'm hoping as more people purchase these, the star rating will be more accurate of the product itself. I'll address the three biggest complaints I've read from others:Sound Quality: I think these headphones sound great. I've never owned an expensive pair so I'm not able to compare them to higher-end offerings, but I've owned dozens of cheap and mid-range headphones in the 15-50 range. I'm not an audiophile or a musician so if I'm missing something that should be coming through, but isn't, I'm fine with my ignorance. I would say they're slightly better than Apple's buds (which I liked very much and used for years, most recently using their redesigned ones for about a year). There's no tinny, listening through a can sound that's all-too-common with headphones in this price range. As far as people saying they don't compare to Apple's buds, well I don't know, maybe they have some crazy exclusive version of Apple's buds that are amazing. But compared to the regular earpods, I think Amazon's headphones actually sound a bit better. They provide a nice, full sound and represent highs, lows and mids equally well (mainly listening to metal).Fit and Feel: Some people have complained about these falling, or feeling like they're going to fall, out of their ears. There's some validity to this, although obviously it depends on your specific ears. I don't feel like they're going to fall out at all, but if I give the cord a tug, they don't stay as secure as my Apple buds.Read more",3,296,Neutral
"Ok i've been in the technology field for close to 20 years and a gamer since the 80's so i know a little something about controllers. This really is an awesome controller with a great feel to it. It doesnt feel cheap in any way, and works perfect. It also has voice search button which works great and it has volume control via the shoulder buttons when headphones are plugged in. Ive read a few reviews about bad battery life and i havent found it an issue on mine. I bought it in late december and the batteries are due to be changed now in late april. I would like to see rechargable batteries built it instead but maybe in the future.",5,122,Positive
"While I've purchased items from Amazon for years, I rarely write reviews. I felt compelled to write one because, although there are only a few reviews at this point, I have never seen such a good product get such bad reviews. I'm hoping as more people purchase these, the star rating will be more accurate of the product itself. I'll address the three biggest complaints I've read from others:Sound Quality: I think these headphones sound great. I've never owned an expensive pair so I'm not able to compare them to higher-end offerings, but I've owned dozens of cheap and mid-range headphones in the 15-50 range. I'm not an audiophile or a musician so if I'm missing something that should be coming through, but isn't, I'm fine with my ignorance. I would say they're slightly better than Apple's buds (which I liked very much and used for years, most recently using their redesigned ones for about a year). There's no tinny, listening through a can sound that's all-too-common with headphones in this price range. As far as people saying they don't compare to Apple's buds, well I don't know, maybe they have some crazy exclusive version of Apple's buds that are amazing. But compared to the regular earpods, I think Amazon's headphones actually sound a bit better. They provide a nice, full sound and represent highs, lows and mids equally well (mainly listening to metal).Fit and Feel: Some people have complained about these falling, or feeling like they're going to fall, out of their ears. There's some validity to this, although obviously it depends on your specific ears. I don't feel like they're going to fall out at all, but if I give the cord a tug, they don't stay as secure as my Apple buds.Read more",3,296,Neutral
Pleased with all the features. Amazon did another fantastic job with bringing great sound inna small package.,5,17,Positive
Sounds great. Must touch to activate. Easy to use.,5,9,Positive
A great looking cover for the Echo Dot. It gives the Dot a softer and more elegant look. I feel that it is a little pricy for what you get but I do not regret my decision to buy this case.,5,41,Positive
I bought this as a Christmas gift. I'm told that they are enjoying it and are very Happy with all it can do.,3,23,Neutral
It's very tin sounding no bass sounds terrible bought a bose sound link and a amazon dot to hook up to it,1,22,Negative
"I already have 2 Roku devices, but thought I would give this new Amazon device a try. This device works fine for the Amazon Instant video app, but there is a terrible lag in the video on the Netflix app that makes it unusable on this device. I know this issue is not my internet connection as the Netflix app works great on the Roku devices. In addition, the user interface on this device is generally just not that great. Wish I could get a refund and get another roku box.",1,91,Negative
"Amazon has just updated their bargain priced Fire tablets. While these latest models are only slightly better than the preceding generation, I believe that they still represent the absolute best value tablet on the market. Its still hard for me to adjust to the fact that a tablet device can now be purchased for just fifty bucks, and its such a good all-around performer (for the most part)!I purchased both the 7 and 8 Fire models because I wanted to see how they compared, and I was curious how they performed. They are both shown in the video attached to this review. I will focus here on the 7 model, to try to help the potential buyer decide whether or not the more expensive 8 Fire tablet is worth the extra money (and if the 7 model is worth purchasing on its own merits).I've given this 7 model a 4-star rating after further consideration and largely because of the very mediocre quality sound output (see detailed comments below). It is still a terrific bargain at the price, but I do want to be clear that it is not ideal for all uses.SUMMARY- These new models represent minimal changes compared to the previous generation Fire tablets:--- Same display specs as before (Amazon says the 7 model has an improved display), same processors (1.3 GHz quad-core but a newer model that is probably slightly faster in operation), same standard and available storage (7 8 or 16 GB 8 16 or 32 GB)--- New colors--- the 8 model is 10 cheaper--- the 7 model now has dual band wi-fi (previously single band wi-fi) for better connectivity--- Kids edition now available for both models (previously only the 7 model).Read more",4,286,Positive
"While I've purchased items from Amazon for years, I rarely write reviews. I felt compelled to write one because, although there are only a few reviews at this point, I have never seen such a good product get such bad reviews. I'm hoping as more people purchase these, the star rating will be more accurate of the product itself. I'll address the three biggest complaints I've read from others:Sound Quality: I think these headphones sound great. I've never owned an expensive pair so I'm not able to compare them to higher-end offerings, but I've owned dozens of cheap and mid-range headphones in the 15-50 range. I'm not an audiophile or a musician so if I'm missing something that should be coming through, but isn't, I'm fine with my ignorance. I would say they're slightly better than Apple's buds (which I liked very much and used for years, most recently using their redesigned ones for about a year). There's no tinny, listening through a can sound that's all-too-common with headphones in this price range. As far as people saying they don't compare to Apple's buds, well I don't know, maybe they have some crazy exclusive version of Apple's buds that are amazing. But compared to the regular earpods, I think Amazon's headphones actually sound a bit better. They provide a nice, full sound and represent highs, lows and mids equally well (mainly listening to metal).Fit and Feel: Some people have complained about these falling, or feeling like they're going to fall, out of their ears. There's some validity to this, although obviously it depends on your specific ears. I don't feel like they're going to fall out at all, but if I give the cord a tug, they don't stay as secure as my Apple buds.Read more",3,296,Neutral
"The Fire HD 8 seemed like a great deal to me considering the size, economical price point, and the ability to watch content offline. And it offered exactly that...but fell short on performance parameters. If you're price sensitive and are looking for a value tablet, larger screen than the 6 Fire, and the ability to watch content offline, this is a decent device to get. However, if you already have an earlier Kindle like the HDX 8.9 or even an earlier version of the Fire, I recommend keeping your tablet since this device wouldn't really be a worthwhile upgrade. I have been disappointed with several operating shortcomings of the device. If you're looking for a very basic tablet to watch videos or for your kids, the 49.99 Fire is a better option.QUICK SUMMARY:PROs - Price, dual stereo speakers, expandable memory slot (great for viewing content offline), full access to Amazon content. Good basic tablet specially for watching videos.CONs - Screen resolution crisp but not great, lags quite a bit when switching or starting/closing apps (runs fine once an app is open), battery life is just ok, freezes quite often and the only solution is to reboot the device which becomes frustrating after a while.The device is basically slow to load apps, lags quite a bit when switching apps (this becomes worse as you load more content on the device), freezes quite often, and I find myself having to reboot it every now and then. A frustrating experience to say the least. The device is claimed to be Designed for Entertainment - true, but I would also add Not designed for performance.This is meant to be a basic value tablet giving you access to the Amazon ecosystem, and it is exactly that.Read more",3,292,Neutral
You can take everywhere your music and with wifi you are connected with the world. The best is that the battery lasts a long time.,5,25,Positive
I am happy in having this good things.,5,8,Positive
"I loved the concept of an ereader that would not be screen time. However, I have found several drawbacks to this version when compared to prior kindles I have owned. First, this product has no speaker of any kind, so it cannot play audible books or even do text to speech unless you use wireless headphones. A big loss - no current Kindle ereader can play audible books -- only older generation kindle ereaders or the Fire (which has the problem of introducing videos to reading time) - and sometimes, my daughter just wants to be read to while she follows along. Second, it operates SLOWLY. Third, the Freetime service is so poorly organized that it is very unlikely that my daughter will be able to find anything she wants there. The categories are not the types of categories you might see in bookstore - e.g. mystery, biography, early chapter books, realistic fiction, series, etc - but an odd collection of categories - e.g. ballet, Frozen, Disney, Trucks, etc. Most of the options seem very commercial and not the types of books I would want her to read. And there is no description of the book (like the blurb on the Amazon website) - so there is no way other than the title (and the unhelpful category) to tell her what the book is about before she downloads and starts to read it. Finally, when I called customer service hoping for a clearer explanation of how to move around within Free time, and to put books from my Amazon account in the freetime library, I got a representative who took long breaks between each one of my questions (presumably because she did not know the answer and had to look it up) and who was very difficult to understand because of her strong accent.Read more",3,305,Neutral
"Good sound but unlike Echo, you have to press a button on the device to have it do what you want it to do. I ordered a Dot so this may solve that issue.",4,34,Positive
"The new Fire HDX 8.9 is definitely one powerful tablet, packed with some pretty nice features. While it does have some small flaws here and there, it generally is an all around great buy. I'll go over some of what I've noticed using the tablet, what I've learned from others who are using it, as well as the specs and how I feel about them. Hopefully it'll give you more insight into the product and help you make an easier decision whether or not to buy it.*** BUILD QUALITY ***One of the first things I noticed was the outstanding build quality. The tablet weighs less than much of its competition, and provides a nice feel due to the materials used in making the case which gives you a nice grip so you don't drop the tablet as easily. Everything feels solid... it doesn't have that cheap feel that some of the Android based tablets have. Apple still holds the title for most durable case as it's aluminum but unless you plan on throwing this thing around, you don't need the aluminum... it weighs more and it's cold!*** SNAPDRAGON PROCESSOR AND GPU ***This new HDX 8.9 comes with the 2.5Ghz Snapdragon processor and a nice GPU so this is going to be one of your fastest tablets on the market at the moment, if not the fastest. Intel and NVIDIA are continuously working on CPU's for the tablet and Chromebook markets, bragging about their performance and how they blow away the competition. Acer, for example, is utilizing an NVIDIA Tegra K1 ARM based CPU running at 2.1GHz quad-core. That is insanely fast for something like a Chromebook which functionality wise, is pretty much the same thing as a tablet. Unfortunately for Acer, the Snapdragon CPU on the Fire HDX is more powerful (2.5 GHz vs. 2.1 GHz) and appears to be using less power.Read more",5,314,Positive
Great sturdy case perfect for my three year old!,5,9,Positive
"I like its flexibility, portability and it is the best value option of all three Alexas",5,16,Positive
"While I've purchased items from Amazon for years, I rarely write reviews. I felt compelled to write one because, although there are only a few reviews at this point, I have never seen such a good product get such bad reviews. I'm hoping as more people purchase these, the star rating will be more accurate of the product itself. I'll address the three biggest complaints I've read from others:Sound Quality: I think these headphones sound great. I've never owned an expensive pair so I'm not able to compare them to higher-end offerings, but I've owned dozens of cheap and mid-range headphones in the 15-50 range. I'm not an audiophile or a musician so if I'm missing something that should be coming through, but isn't, I'm fine with my ignorance. I would say they're slightly better than Apple's buds (which I liked very much and used for years, most recently using their redesigned ones for about a year). There's no tinny, listening through a can sound that's all-too-common with headphones in this price range. As far as people saying they don't compare to Apple's buds, well I don't know, maybe they have some crazy exclusive version of Apple's buds that are amazing. But compared to the regular earpods, I think Amazon's headphones actually sound a bit better. They provide a nice, full sound and represent highs, lows and mids equally well (mainly listening to metal).Fit and Feel: Some people have complained about these falling, or feeling like they're going to fall, out of their ears. There's some validity to this, although obviously it depends on your specific ears. I don't feel like they're going to fall out at all, but if I give the cord a tug, they don't stay as secure as my Apple buds.Read more",3,296,Neutral
"Whether you just want the weather, latest sports scores or help with a math problem, Alexa will help. We now have 3 in the house and will be adding two more. With a simple 3 subscription to Amazon's music service, you can stream almost any music you can think of by simply asking Alexa for it!Perfect work with my meidong QQ Chocolate bluetooth speaker, I also recommend this speaker Meidong Universal Water Resistance QQChocolate Portable V4.0 Wireless Bluetooth Speaker with 10W Dual Driver and Built-in MicrophoneAnd use this code for less 5: GHAQE5YF(I got it from somewhere else.)For the paranoid - this device is NOT for you. The echo dot is always listening and while the design is supposed to only listen when you say the name of the device (Alexa, Amazon or Echo - your choice), there are enough times that I hear one in another room say sorry, I did not understand the question to tell me it misunderstands these prompts to have been said when they weren't pretty often.+ Good product support+ Good voice recognition+ Because of the size it doesn't stand out like a sore thumb in a room- Doesn't differentiate between voices. If you keep it closer to a speaker than you are, then it will sometimes get confused and start picking up words from both the speaker and you when commands are given. Placement of dot is crucial for a good experience.- Only supports english and german for now- Not very competent at answering general questions and you need to activate skills to expand this functionality.Read more",5,263,Positive
I bought it for my 15 year old daughter and she loves it. Her friends even loved it so much they went and bought them too.,5,26,Positive
"I own the Merlot cover since it came with my Kindle Oasis. After paying near 300 for device and original cover I was hoping replacements would eventually come out. So when they did....I saw the 90 price tag and immediately became saddened. This was probably already in the works but, it was an idea I submitted to Amazon when I made my original purchase. The price is simply outrageous! The case itself is amazing. It looks good, smells good, and feels good. But, I can't afford this!",3,87,Neutral
I live in a small apartment and this fan kept the whole place cool.,5,14,Positive
"This is a great controller for our Fire TV, I purchased 2 of them, with two problems but let me first talk about the good. The controller works well for most of the games we play on the Fire TV. It has a long range compared to other controllers Ive tried (solid at 30 feet) and uses WiFi Direct instead of Bluetooth. The feel of it is decent (not too rubbery) and none of the buttons, D-Pad, or sticks have stuck or given us a problem. The microphone on it works as good or better than the one on the Fire TV remote.Now on to the problems. Its such an issue that Im not just putting it in the cons section but am going to tell you a bit about it. The worst problem is the battery life! In fact, its such a huge problem that Im taking off 2 stars because of it. This controller eats batteries like nobodys business. I have tried regular AA batteries (both Duracell and Energizer), expensive AA batteries (both Duracell and Energizer), and rechargeable AA batteries (Ive tried Energizer, Apple, AmazonBasics). The controller doesnt drain the batteries completely, nope. That I would understand. Instead, the controller stops working after only a 40 drain. I kid you not. Every set of batteries I have put into this thing has stopped working when there is still 60 battery life left. I have tested each set, before and after, using a generic battery tester as well as an ohm meter.The second problem may not be the controller itself, it may be the Fire TV, but its affecting the controller. The controller randomly disconnects. Not often enough for it to be a huge issue but just enough for it to be annoying. I have seen reports of others having the same problem with the controller and the remote. Im hoping that this issue will be fixed with a firmware update.Read more",2,323,Negative
Like a previous reviewer mentioned it is fabric over hard plastic it is not a snug or tight fit. Good quality though.,3,22,Neutral
Awesome product. Enjoy using it everyday. Would definitely recommend,5,9,Positive
"While I've purchased items from Amazon for years, I rarely write reviews. I felt compelled to write one because, although there are only a few reviews at this point, I have never seen such a good product get such bad reviews. I'm hoping as more people purchase these, the star rating will be more accurate of the product itself. I'll address the three biggest complaints I've read from others:Sound Quality: I think these headphones sound great. I've never owned an expensive pair so I'm not able to compare them to higher-end offerings, but I've owned dozens of cheap and mid-range headphones in the 15-50 range. I'm not an audiophile or a musician so if I'm missing something that should be coming through, but isn't, I'm fine with my ignorance. I would say they're slightly better than Apple's buds (which I liked very much and used for years, most recently using their redesigned ones for about a year). There's no tinny, listening through a can sound that's all-too-common with headphones in this price range. As far as people saying they don't compare to Apple's buds, well I don't know, maybe they have some crazy exclusive version of Apple's buds that are amazing. But compared to the regular earpods, I think Amazon's headphones actually sound a bit better. They provide a nice, full sound and represent highs, lows and mids equally well (mainly listening to metal).Fit and Feel: Some people have complained about these falling, or feeling like they're going to fall, out of their ears. There's some validity to this, although obviously it depends on your specific ears. I don't feel like they're going to fall out at all, but if I give the cord a tug, they don't stay as secure as my Apple buds.Read more",3,296,Neutral
"An Amazon.com official commented on this review(What's this) The Amazon team saysOctober 11, 2013Thank you for taking the time to share your feedback. We're excited to see your encouraging comments regarding display and sound, and appreciate the thoughtful analysis you did of this device compared to the previous generation Kindle Fire and Kindle Fire HD. As you correctly point out, the new Kindle Fire HD is the successor to last year's entry level Kindle Fire, which does not include features such as camera, microphone, or HDMI port. You are also correct to point out that this device does not support Mayday, although there are still multiple ways to get help for free directly from your device. We hope you enjoy the new features and services. Thanks, The Kindle Team",4,129,Positive
"This review is for the second generation Kindle Paperwhite. Like all kindle e-readers before it, this is a great product. However, I am a bit disappointed as there is not a huge improvement over last year's model. For this review, I focused on features and enhancements exclusive to the new Paperwhite and tried to make comparisons to last year's model. Also, I found somethings misrepresented or confusing in the advertising, so I will try to clear them up.HARDWAREDesign - The Kindle white has a nice look and shape. It fits well and is easy to hold in one hand. It's fairly light, so it doesn't tire the hands too much. I can grip it for long periods before having to switching hands. Its design is very similar to the previous Paperwhite - almost identical. The height and width are the same, the buttons are in the same location, and although this version is slightly lighter, it is not noticeable.Display - Although not a huge improvement from last year's model, the display is one of the best features of the Paperwhite. Like most e-readers, the Paperwhite uses digital ink technology. This model employs a more advanced version. In addition, the lighting has been upgraded, so among other things, it is more evenly lit. Together, they make for incredible viewing. In my opinion, it's one of the best digital ink e-reader display on the market. I really enjoy reading on it, text look very sharp and crisp, with little to no eye strain.Processor - The Paperwhite has an upgraded processor, which means smoother page turns and navigation. I am able to open books, flip pages, and navigate menus fairly quickly. There is barely any lag as I flip through many pages at a time. Also, the flashing effect when turning pages shows up less if at all.Read more",3,306,Neutral
"I love everything about this case except for how it fits on the Echo Dot. I was expecting a snug fit however, it is very lose and so you have to make sure that if you pick it up to move it (and the power cable is disconnected), the dot will fall out of the case.",4,56,Positive
It does the job but is super over priced. I feel like they should offer a replacement remote at a better price. I could have just spent 10 more and gotten the stick. I just think it's ridiculous to spend 32 on a remote. The product is fine. I'm just unhappy with the price.,3,54,Neutral
good speaker. 8 hour battery. Good price. Excellent quality in how it is made.,5,14,Positive
You need to have amazon prime plus order a special music plan. Disappointing for sure. The sound is ok. I think the larger model is probably better.,3,27,Neutral
I ordered this item to replace the one that no longer works. The directions for the new remove state to press the home button to go to the home screen (using the existing remote which does not work) You must use your existing remote for all the following steps. The existing remote DOES NOT WORK. This is why I bought a new one. I am sending all of this crap back to amazon and canceling this Fire subscription. This has been a problem from day one and we have only had this for a few months. Not worth the money.,1,100,Negative
"This new KFHD replaces last year's basic Kindle Fire. Although it has some cool new features, it lacks a camera, microphone, and HDMI port. For this reason, I'm glad I kept my 2012 model since it does have these 3 features! Here are my initial impressions of the 2013 Kindle Fire HD: I like the placement of the on/off volume buttons. Being on opposite sides makes it unlikely to hit the wrong one. I never cared for the carousel (this is what you see when you turn your Kindle on and it contains all the books apps you have recently accessed), and now there's an option to have favorites showing on the home screen instead, and the apps/books can be rearranged to your liking. I was very surprised that web pages can no longer be placed in the favorites bar (which is now being called home). I don't know why Amazon removed this option, and we also are unable to have the last accessed web page appear in the carousel. But you can still bookmark your favorite web pages YouTube videos for easy access. When I play songs purchased from Amazon's MP 3 store the lyrics scroll down karaoke style. Nice feature, but it doesn't work on every song. This device has a cool new feature called Quick Switch, which allows us, when reading or using an app, to bring up recently accessed items with a swipe instead of having to exit the book or app you were using and go back to the home screen to open up another one.In terms of sound, I find it to be tinny and not as rich as it is on the original KFHD. But you can really improve the sound of music by wearing a good set of ear buds. Ironically, music sounds muffled unless you hold the device in landscape mode with your hands covering the speakers. Holding it this way projects the sound out to you.Read more",4,327,Positive
"My Amazon Echo Dot does not require the user to enter pairing mode to connect to the device via bluetooth. I live in an apartment complex - two of my neighbors have connected to my echo dot without any input on my part. The dot appears as a pairable bluetooth device at all times. This is a major security flaw, considering that this devices is connected to my network and my amazon account, and is listening at all times. I will be keeping this device unplugged until this flaw is fixed.",1,91,Negative
"Updated 12/8/2014One year in...This review is for the the no-ad 64 GB wifi-only HDX 8.9.I use a Galaxy S5 Android smartphone so the HDX is for media / web surfing / offline viewing for travel. Since I had already been using Amazon Prime and Prime Music it was a no brainer for me to use the HDX to fill the role of media / web surfing on a tablet.Be informed about the download limitations to this device. Amazon has been adding clarification to this which should help would-be purchasers make a more informed opinion. This wasn't as obvious as it should have been when I ordered mine so they're listening which is good.Be aware that their most popular Prime content *may* not be available to download (and save) to your HDX. You can save certain videos to your HDX but you won't know which ones until you buy an HDX and try it out. *** Edited 12/21/2013 You can now see a list of Prime movies and shows that can be downloaded to the device. That's an improvement and more clearly shows the available downloadable Prime content. +1 for Amazon. ***I was also under the assumption that you could download as many videos as you'd like with the limiting factor being the memory capacity of the HDX. Also NOT the case. So again, I bought the larger capacity HDX under this assumption. That was dumb on my part as it turns out because you're not limited by storage capacity. You're limited the NUMBER of downloads you can have on your device. Kids' content can be really short so you may find yourself running into that limitation, but most people never will.Read more",3,282,Neutral
"I'll preface this by saying that I own an iPad, and was not expecting a 99 tablet to perform at anywhere near that level. I have followed the early reviews closely, and after seeing enough satisfied customers, I figured I'd give the Kindle Fire HD 6 a try. I chose the base 8 GB with special offers and my plan was to use it as a secondary e-reader and a secondary or even tertiary vehicle for internet access. What I've found is a powerful little tablet, so far completely free of the bugs and laggy speeds mentioned in the early reviews. In fact, performance has so exceeded expectations that I consider this perhaps the year's best purchase.First off the look is nice. It's sleek, (I ordered the black model) and though actually quite a bit heavier than I'd imagined, it's not heavy enough to be considered a negative. The display is fantastic, and its quality was the first big surprise. The touch screen performs incredibly well, and to this point, I have experienced immediate response. To the point where I have to say touch response so far is indistinguishable from my iPad. Based on early reviews, this was not the case, so I have been quite pleasantly surprised. The Fire is very user friendly and easy to intuit. For those who do not feel confident with navigation of a new device, there is an immediate onscreen tutorial (with an option to skip) to guide you.I first checked out the e-reader function. My books loaded immediately and easily from the cloud and I really like the functionality of the reader.Read more",5,270,Positive
"This case is overall quite nice, but has started to peel apart on the edges a little. I will try to update this review later on after I see how it holds up.The tablet automatically locks, and wakes the screen when closing and opening the case, which I think is the most appealing part about this case.",3,57,Neutral
"I am not a casual user of on-demand content and devices. Having tried smart tv's from 3 brands, smart dvd/bluray players, Apple TV, WDTV, HTPC, Chromecast and too many other competing products to mention--for streaming content, before this box you really had two options (for a simple to use box that doesn't require additional items or tweaking):First is Apple TV which is easy to use (interface) but Apple limits the content you can get greatly (including no Prime Streaming built in) and it lacks a lot in features as well and is slow. The reason for selecting Apple TV is if you have other apple products that unlock features (like Amazon's content).The second option you could consider was Roku--which really means a Roku 3 box since it is heads and tails better than past Roku boxes in terms of remote and speed. Now Roku stands out with the most content and the most features of any box with the Roku 3. It is for that reason you will see me address the Roku 3 so often in this review.I have added quick summaries of other options to make sure everyone knows about the other options out there.WDTV: Are great for streaming your own content but not very user friendly.Chromecast: Is very cheap at 35 but requires other items to use (no remote included!), is limited to 16 channels according to their own site with other content broadcast via Chrome's browser not at the same quality level. This does allow you to browse the internet on your tv and is amazing for the cost but is more of a niche market than FireTV/Roku/Apple TV. But if you can live with the short comings, it is worth a look at 1/3 the price of these devices.Smart TVs: Most of these are FINE for occasional use but not nearly as pleasant to use daily like separate boxes.Read more",5,315,Positive
"My primary concern is the price when comparing to other solutions. Nevertheless, has received the and installed the product I believe that I meets my specific needs and expectation. This case is unlikely to protect my Fire HD in a 5-foot drop. It does, however, protect my kindle from spills and low drops. What I want and what I have is the ability to, without forethought, turn off the Kindle when the cover is closed to save power. Moreover, whether by design or oversight the fact that the SD Card is covered (e.g. you need to remove the case to access the SD slot) this is a good thing. All in all I am impressed with product 's fit (e.g. the camera hole is perfectly aligned.), the tablet speakers are well positioned for audio and the case folds into both landscape and portrait support positions,Bottom-line I'm happy with the purchase and can recommend it to others for consideration.",5,158,Positive
Amazon Tap.. got it on Black Friday sale.. But so far feel not as easy as I think to use.. But if you just use as Bluetooth speaker and sound is good.. Maybe just have to learn how to use it more..,3,42,Neutral
"While I've purchased items from Amazon for years, I rarely write reviews. I felt compelled to write one because, although there are only a few reviews at this point, I have never seen such a good product get such bad reviews. I'm hoping as more people purchase these, the star rating will be more accurate of the product itself. I'll address the three biggest complaints I've read from others:Sound Quality: I think these headphones sound great. I've never owned an expensive pair so I'm not able to compare them to higher-end offerings, but I've owned dozens of cheap and mid-range headphones in the 15-50 range. I'm not an audiophile or a musician so if I'm missing something that should be coming through, but isn't, I'm fine with my ignorance. I would say they're slightly better than Apple's buds (which I liked very much and used for years, most recently using their redesigned ones for about a year). There's no tinny, listening through a can sound that's all-too-common with headphones in this price range. As far as people saying they don't compare to Apple's buds, well I don't know, maybe they have some crazy exclusive version of Apple's buds that are amazing. But compared to the regular earpods, I think Amazon's headphones actually sound a bit better. They provide a nice, full sound and represent highs, lows and mids equally well (mainly listening to metal).Fit and Feel: Some people have complained about these falling, or feeling like they're going to fall, out of their ears. There's some validity to this, although obviously it depends on your specific ears. I don't feel like they're going to fall out at all, but if I give the cord a tug, they don't stay as secure as my Apple buds.Read more",3,296,Neutral
"Sling is simply awesome and so is the Amazon Tap!! My tap arrived this morning along with this sling and I am currently testing both products out as we speak!! This sling allowed me easy access to carry my tap to work today!!One nice thing I like about the tap is that this sling is not required but it is a very nice addition.. It provides great protection for the tap, which is what I needed it for.. My tap is going to be like a mini, portable Sonos for me.. It's going to be a speaker I take with me daily!! So I wanted this sling to protect my speaker and keep it from getting dinged up.. Even though it provides minimal coverage for the speaker, it still protects it from dings! The minimal coverage is needed not to hurt the sound quality coming from the speaker... Taking the speaker to the beach, camping, hiking, to parties, I wanted something to protect it while in use!! This sling is going to do just that!!Another thing it does is allows me to hang it from my bag!! At first, I was afraid the silicone wouldn't be strong enough for that and would stretch.. Well so far, no issues!! I use a carabiner and attach it to my bag!! No stretching and super easy to carry my tap with me!Pros1.) Can access all buttons in the sling2.) Can charge with the sling on (Via USB port not dock)3.) Allows personalization of your Tap4.) Protects your Tap from dings and since my tap isn't for home use, this is great5.) I love the bright and vibrant colors6.) Silicone is plenty strong enough for hanging7.) Doesn't adversely affect sound qualityOverall: I do feel 20 for the sling is a little high but for the protection it provides my brand new tap, I very happy with it.. I didn't buy my tap to sit still at home..Read more",5,324,Positive
We are unable to connect WIFI on this product. We have tried to follow the instructions to no avail. It is a useless and expensive item sitting on our table.,1,30,Negative
For its size this is a pretty well made product that produces great sound and I love the portability.,4,19,Positive
"Remote didn't work, did all the troubleshooting to connect, sent me a replacement remote that didn't fix it, and then when I sent the replacement remote, they couldn't find it and charged me anyway. Very disappointed.",1,36,Negative
Even as a speaker alone this item is worth the price!,5,11,Positive
Like a previous reviewer mentioned it is fabric over hard plastic it is not a snug or tight fit. Good quality though.,3,22,Neutral
"While I've purchased items from Amazon for years, I rarely write reviews. I felt compelled to write one because, although there are only a few reviews at this point, I have never seen such a good product get such bad reviews. I'm hoping as more people purchase these, the star rating will be more accurate of the product itself. I'll address the three biggest complaints I've read from others:Sound Quality: I think these headphones sound great. I've never owned an expensive pair so I'm not able to compare them to higher-end offerings, but I've owned dozens of cheap and mid-range headphones in the 15-50 range. I'm not an audiophile or a musician so if I'm missing something that should be coming through, but isn't, I'm fine with my ignorance. I would say they're slightly better than Apple's buds (which I liked very much and used for years, most recently using their redesigned ones for about a year). There's no tinny, listening through a can sound that's all-too-common with headphones in this price range. As far as people saying they don't compare to Apple's buds, well I don't know, maybe they have some crazy exclusive version of Apple's buds that are amazing. But compared to the regular earpods, I think Amazon's headphones actually sound a bit better. They provide a nice, full sound and represent highs, lows and mids equally well (mainly listening to metal).Fit and Feel: Some people have complained about these falling, or feeling like they're going to fall, out of their ears. There's some validity to this, although obviously it depends on your specific ears. I don't feel like they're going to fall out at all, but if I give the cord a tug, they don't stay as secure as my Apple buds.Read more",3,296,Neutral
"Voice remote gave out nearly a year after I purchased. changed batteries several times and nothing. Have to rely on Phone App for it to function. Paid 19 for the stick when it was being promoted to Prime members. Now they want 30 , for an extra 10 might as well buy another Fire Stick, what a rip off for a hollow piece of plastic. Even with the Voice Remote feature, I still don't think it is worth it. Amazon should sell the remote for 10-15 dollars for Prime Members, we shouldn't have to worry if it fails outside of the warranty period. Amazon is already charging an arm and a leg for Prime Membership and its content to begin with.",1,121,Negative
"While I've purchased items from Amazon for years, I rarely write reviews. I felt compelled to write one because, although there are only a few reviews at this point, I have never seen such a good product get such bad reviews. I'm hoping as more people purchase these, the star rating will be more accurate of the product itself. I'll address the three biggest complaints I've read from others:Sound Quality: I think these headphones sound great. I've never owned an expensive pair so I'm not able to compare them to higher-end offerings, but I've owned dozens of cheap and mid-range headphones in the 15-50 range. I'm not an audiophile or a musician so if I'm missing something that should be coming through, but isn't, I'm fine with my ignorance. I would say they're slightly better than Apple's buds (which I liked very much and used for years, most recently using their redesigned ones for about a year). There's no tinny, listening through a can sound that's all-too-common with headphones in this price range. As far as people saying they don't compare to Apple's buds, well I don't know, maybe they have some crazy exclusive version of Apple's buds that are amazing. But compared to the regular earpods, I think Amazon's headphones actually sound a bit better. They provide a nice, full sound and represent highs, lows and mids equally well (mainly listening to metal).Fit and Feel: Some people have complained about these falling, or feeling like they're going to fall, out of their ears. There's some validity to this, although obviously it depends on your specific ears. I don't feel like they're going to fall out at all, but if I give the cord a tug, they don't stay as secure as my Apple buds.Read more",3,296,Neutral
"I was really looking forward to using what was hyped as an amazing piece of entertainment equipment, but the actual experience falls short.Pros:+ User interface and underlying hardware is fast+ Form factor of the device and remote control is very sleek+ Plays games fairly well, especially for such a small box+ Quality of Amazon videos is very good+ Voice search works quite well+ The device came pre-configured for my Amazon account. I just plugged it in, updated the software, and away I wentCons:- First and foremost, there is STILL no way to search for only free movies on Prime.- Amazon touts it's 40,000 Prime movies available, but good luck finding them. There is no categorization by genre. You are stuck surfing through dumb lists of movies, or using the search function, which almost never returns any Prime movies- Voice search works only on Amazon content. You cannot use this to search within Netflix, for example- The Amazon FireTV box only comes with 8GB of memory for game and app storage, which is completely inadequate. There are games available for download that consume almost 2GB for ONE GAME. Good luck downloading a 1.76GB game, like the racing game featured in the list of top games.Clearly, Amazon is marketing this device as a way to push its video content. In the help video that automatically plays the first time you use the device, it even offers you a 30 day Prime membership for free to try it out. However, Amazon has no incentive to help you actually search for and find this free content. It's clearly evident in the lack of ability to filter search results on free Prime content only. This is my biggest beef with Amazon, by far. I want a Netflix-like experience, where my Prime content is sorted by genre, and I can search for free movies only. Now, if you want to pay for video rentals, by all means buy this device, because it works really well. If you want it to access your Prime content only, stick to the Roku box you probably already have, because it works just as good.UPDATE:I called customer service, and talked to a guy about how I can search for and access my 40,000 Prime movies. Well....YOU CAN'T According to him, I can only find the Prime movies on the two lists on FireTV that say Recently added to Prime and Top Prime Movies. Those lists are 73 items, and 150 items, respectively. THERE IS NO WAY TO SEARCH OR BROWSE FREE PRIME CONTENT ONLY. The guy I talked to said this was a very common request for people. OF COURSE IT IS. I don't want to pay for video rentals if I just paid for a Prime membership to access free content. AMAZON COMPLETELY FAILED. I AM RETURNING THE FIRE TV.",1,470,Negative
"This is fun but would not buy again. Not very informative. Keeps say ""I do not understand your question. """,2,20,Negative
"In this day and age of rectangles with screens being covered in various ways, its perplexing that you can mess up something as basic as this. It covers the Fire fine. The fit is snug and snaps into place no problem. A hidden magnet auto-wakes/sleeps the display when you open/close it. The fabric collects cat hair like a pair of cheap black pants. Yet worst of all is the fold on the back does an awful job of propping up fire when you want to use it hands free. You can get it to stay, but it often slides out, or just puts the fire at a slightly weird angle. Whether it's in portrait or landscape orientation, the stand on the back is so wonky, that you're better off just using a jar of peanut butter and a couple pieces of chewing gum to get it to stay in place.",2,150,Negative
"While I've purchased items from Amazon for years, I rarely write reviews. I felt compelled to write one because, although there are only a few reviews at this point, I have never seen such a good product get such bad reviews. I'm hoping as more people purchase these, the star rating will be more accurate of the product itself. I'll address the three biggest complaints I've read from others:Sound Quality: I think these headphones sound great. I've never owned an expensive pair so I'm not able to compare them to higher-end offerings, but I've owned dozens of cheap and mid-range headphones in the 15-50 range. I'm not an audiophile or a musician so if I'm missing something that should be coming through, but isn't, I'm fine with my ignorance. I would say they're slightly better than Apple's buds (which I liked very much and used for years, most recently using their redesigned ones for about a year). There's no tinny, listening through a can sound that's all-too-common with headphones in this price range. As far as people saying they don't compare to Apple's buds, well I don't know, maybe they have some crazy exclusive version of Apple's buds that are amazing. But compared to the regular earpods, I think Amazon's headphones actually sound a bit better. They provide a nice, full sound and represent highs, lows and mids equally well (mainly listening to metal).Fit and Feel: Some people have complained about these falling, or feeling like they're going to fall, out of their ears. There's some validity to this, although obviously it depends on your specific ears. I don't feel like they're going to fall out at all, but if I give the cord a tug, they don't stay as secure as my Apple buds.Read more",3,296,Neutral
"Alexa works great, but the the sound quality of this speaker is terrible, your much better off with a echo dot and bose sound link mini set up.",3,28,Neutral
Remote is a great addition......I Have two echo's and two dots which I use for my home automation. They work great. My only issue is that Amazon is no longer shipping the magnetic holder with the Echo. Felt this was a very helpful and welcomed addition which helped me organize my remotes safely. This is the only reason I am giving it 3 stars.....C'mon Amazon you are charging the same price as the older remotes labelling it new generation and eliminating the magnetic holder......disappointing,3,84,Neutral
"I love everything about it.... it is portable, sounds better than most portable speakers, and Alexa rocks it. Only thing that kept it from a 5 star rating is that you have to manually activate Alexa. Wish it would work like the Echo and Dot, while it is on its base.",4,51,Positive
"If you want a Tap to make use of Amazon's Alexa voice services, then dont get one. The Tap is a fine enough Bluetooth speaker for wireless music, but the need to touch a button for voice services renders it far less valuable.",3,43,Neutral
"First day with the echo show. I'm pretty pleased with it. Some observations that I think have not been hit in most reviews:* Sound quality seems similar to that of the Echo cylinder. Good for a desktop listening experience, not impressive if you want to fill a room with sound.* The Show does have an ambient light sensor (using the camera) so that the screen dims as the room lighting goes down. When I darkened the room at night to work at my PC, the Show display dimmed to the point where I could just make out the time, and not the background photo at all.* Much has been made of the Show displaying lyrics when playing Prime music. That doesn't appeal to me, but when playing music from Spotify, Pandora, and My Music on Amazon, the Show displays the song title, artist name, album art, and a progress indicator. That's really nice when listening to playlists - I was always asking my Echo cylinder Alexa, what's that song* Alexa has always been weak at recognizing the names of some of my Pandora channels. With the show, if Alexa doesn't recognize the name, I can ask it to display my Pandora channels and select them fro mthe Show touch screen, It's good to have a fallback that does not require me to pull out my phone and fire up the Alexa app, then work my way through multiple screens to get my selection.* Some newsfeeds are now accompanied by appropriate photographs.* You can set the Show to use an album from Amazon Prime Photos as a slideshow when the device is inactive. AFAIK, other photo servers cannot be used.",5,279,Positive
"Ordered on April 16th, installed on my phone on April 21 and last Saturday (June 6th) on a warm Tucson day it just fell off. Landed on the car mat an all of the glue section was instantly covered in dirt. Washed it off with cool water only, let air dry and it won't stick back on. It's supposed to be washable and re-usable. Don't waste your money on this piece of trash. I expected it to last a lot longer than two months.",1,84,Negative
"I've only had my Echo Show just a little over 24 hours now, so please take that into consideration. I currently own the original echo which is in my living room, a dot in my bedroom, and one at work. I have lights, fans, a thermostat, surround sound, and tv all connected to my Alexa devices. Of course I had to buy one with a screen.Initially I wanted to put my show on a 70 inch TV stand by my 60 inch TV. I don't have end tables and quickly came to the realization that a viewing a 7 inch screen from 8 feet away wasn't going to work for me. My Show now sits on my kitchen counter. I figured I'd get more use out of it in my living room because I generally spend more time in their than the kitchen.The problem with displaying the show on a kichen counter is that the screen can only be seen from straight on, so if you aren't standing directly in front of it, it's hard to view the screen. You will have to turn it in a dirction that it would be facing you.As far as I can tell you can not cut the screen off completely, which would make this a bad fit for a bedroom. The clock displays in white with the screen in a dim black by using the command turn off the screen.This device was marketed as a hands free companion in the kitchen for things like recipes. My frustration is when I ask it to pull up a recipe it's inconsistent. Sometimes it wants to send the recipe to my phone, sometimes it wants me to swipe down on the screen to access the cooking directions and ingredients. Why can't I just say Alexa scroll down Why do I have to touch the screen Why does it have to send the recipe to my phone for me to view it when the Show already has a screenI was hoping for more video footage with my daily briefings, but it is very limited.Read more",3,348,Neutral
Very sturdy,5,2,Positive
"While I've purchased items from Amazon for years, I rarely write reviews. I felt compelled to write one because, although there are only a few reviews at this point, I have never seen such a good product get such bad reviews. I'm hoping as more people purchase these, the star rating will be more accurate of the product itself. I'll address the three biggest complaints I've read from others:Sound Quality: I think these headphones sound great. I've never owned an expensive pair so I'm not able to compare them to higher-end offerings, but I've owned dozens of cheap and mid-range headphones in the 15-50 range. I'm not an audiophile or a musician so if I'm missing something that should be coming through, but isn't, I'm fine with my ignorance. I would say they're slightly better than Apple's buds (which I liked very much and used for years, most recently using their redesigned ones for about a year). There's no tinny, listening through a can sound that's all-too-common with headphones in this price range. As far as people saying they don't compare to Apple's buds, well I don't know, maybe they have some crazy exclusive version of Apple's buds that are amazing. But compared to the regular earpods, I think Amazon's headphones actually sound a bit better. They provide a nice, full sound and represent highs, lows and mids equally well (mainly listening to metal).Fit and Feel: Some people have complained about these falling, or feeling like they're going to fall, out of their ears. There's some validity to this, although obviously it depends on your specific ears. I don't feel like they're going to fall out at all, but if I give the cord a tug, they don't stay as secure as my Apple buds.Read more",3,296,Neutral
Was a little difficult to sync the first time. I really have only used the Tap to play music and to ask for the weather. I like that the device takes up little space in my kitchen.,4,37,Positive
Great device I use it on a regular basis. good investment,3,11,Neutral
I was not overly impressed with this system. I didn't realize you have to buy Amazon prime in order to use the functions. It didn't connect easily to my phone. It wouldn't just stream music saved on my iPhone. I had to download a music app and then load my music into the app. It wouldn't work. Way too much work and added expenses in order to use. Wasn't happy with that so I returned it and purchased a jbl portable Bluetooth speaker.,2,83,Negative
"I've had this for about 8 months now. And in those 8 months I've switched back and forth from this remote, and the tiny remote it came with. I lost the tiny remote behind my bed 2 months ago and since I'm lazy, it's still down there. So I've had to rely on the game controller for everything (sad face).And that's not a good thing.....battery life is laughable. This controller is never farther than 7 feet from the box and yet, 9/10 I ALWAYS GET THE ANNOYING LOADING/CONNECTING DOTS.This cost 60. And for that amount of money, It should be CONNECTING to a box that's 7 FEET AWAY.damn you amazon, I still love you tho.",3,115,Neutral
If you want to listen to music you will have to sign for Amazon unlimited or Prime which is very expensive. Pandora does not work too well with this device as it does with Google Home.,4,36,Positive
"First off, I would like to say this tablet is a great deal for just 139.99. I tried finding a tablet for under 100 that would just work properly, and to let you know, it's impossible. Secondly, I want to tell you how I decided to buy this tablet.I first bought the 9 inch Dragon touch tablet for 78 but to be blunt it sucked. It was so slow that the web browser would always freeze, even if I did a simple Google search. I did not want to take a chance with it anymore and returned it after 2 days of using it then I decided to give the kindle fire HD a chance.Exterior: The exterior is well built. No loose pieces, and the plastic is very firm. My previous cheap tablet had plastic that felt it was going to snap if you held it too hard. Of course the iPad mini has a glass screen and aluminum body, but it also starts at 329. There are 2 ports: a micro usb and a headphone jack to plug in your headphones. The nice thing is that the micro usb is universal and finding a plug is cheap and easy to find. Although, amazon does include a very nice and not cheaply made cable/ wall charger along with your kindle. The previous kindle did not include them and they are worth 20. The buttons for the volume and power are a nice touch. I would not be surprised if new generation tablets will include these style buttons.Only down side is there is no port for an SD card so you can store more memory. It would be a nice feature but if you really need all that storage, go buy a computer.Display: One word, amazing. Maybe I am pushing it, but the screen is so clear. I own an iPhone 5 and my eyes prefer my kindle. I love reading on this machine and for the price, amazon did a good job with this one.Read more",5,336,Positive
"Doesn't understand some commands or Questions,but good overall",3,8,Neutral
"I have purchased several Amazon Fire cases in the past and have been delighted in the streamlined design and the vinyl covering. Very easy to keep clean. This new design for the fire HD 8 is FABRIC. How long do you imagine a yellow fabric cover is going to stay clean I cannot see any easy way to clean it, like I do with the vinyl covers. I bought one for myself as well as my Mother. I will keep them but I sure hope they don't turn around and produce vinyl ones after all the concerns I am sure will be coming. I won't be able to afford two more.",2,111,Negative
"This little speaker has quickly become a family favorite for portability and music streaming. My kids have quickly learned that Alexa is their personal DJ when hooked up to the Amazon Prime Unlimited Music program. Battery life is great and sound quality is adequate for our purposes. Some audiophiles might not like the lack of bass, but it does the job for our family.",5,64,Positive
Battery life is very long and the sound is surprisingly good. Alexa is not as 'smart' as the marketing would like you to think. I get a lot of 'I don't know the answer to that',3,36,Neutral
"I love everything about this case except for how it fits on the Echo Dot. I was expecting a snug fit however, it is very lose and so you have to make sure that if you pick it up to move it (and the power cable is disconnected), the dot will fall out of the case.",4,56,Positive
"As the Kids Edition is nothing more than a basic 50 7 Kindle Fire with some extras, this review is primarily concerned with the 50-worth of extras bundled with the Kids Edition. Primarily, the year of included Freetime.As for the guts of the tablet itself, it's fine. Not great, but certainly fine. It's not the fastest tablet. It isn't the most feature-rich tablet. It doesn't have the sharpest display. But it's only 50, so it deserves to be graded on a curve. For a 50 tablet, it's great.Now, grab a coffee, get comfortable, because I have some thoughts on Amazon's Freetime service for kids/parents:Price plus the year of Freetime were the selling points for me (the case and added warranty were nice bonuses). The problem is, Freetime, though fantastic in theory, isn't even half-baked. It's a lump of dough left on the counter to rise. And then whoever was supposed to put it in the oven got distracted and forgot about it. It's getting moldy, and it smells kind of funny.Freetime: great in theory, terrible in practice.Normally, when you buy a new tablet, it might have a little bloatware pre-installed, but you generally don't start with the offerings of the entire app store on your homescreen. You find and add the apps you want.The way you install/remove apps in Freetime is sort of backwards. It's subtractive. Every single title is served up on the home screen (and in the apps, books, videos screens). These aren't technically pre-installed, but to a young kid looking at a sea of icons, it looks like he has all of these wonderful titles at his disposal. Well, he does. But only sort of. He clicks Elmo's face, and the wheel starts spinning over the icon while it downloads.Read more",1,294,Negative
"After 15 months, my 500+ tablet is no longer useable. It is stuck on the boot screen. I invested a lot of into Amazon movies and books. This stinks.",1,29,Negative
My 8 yr old daughter loves her Tap. She uses it for HW and play. Never a dual moment when she is learning something new from her Tap.,5,28,Positive
The speaker sounds very decent for the size and cost but my favorite thing about the speaker is it is wireless and portable. I can charge the speaker and practically take it anywhere without having to plug it in.,5,39,Positive
"If you read my Fire TV review you know that I am tough on Amazon when it comes to their own items. It needs to deliver quality for the price point to earn stars from me. Please take the time to read my entire review and feel free to ask questions. I will do my best to respond to them as I can and update the review to reflect those answers and other things I discover along the way.First my background. I own many Amazon Kindles (bw, Fire gen2, Fire gen3) as well as Apple Ipad (gen 4), Samsung Note 3 and have an LG G2 smartphone (had a Samsung S4 before that), notebooks, chromebooks, etc. I have also used many other products including the Fire HDX line. I have a solid computer background as well but honestly I am more of a casual user when it comes to tablets like this one.Amazon has changed many things over the life of the Fire product line. Adding and removing features (like cameras--the first generation had one but the second generation removed them but not they are back).They are all useful devices but each one has its own niche so to speak so make sure whatever you get has the features that are important to you.Now to this model. This is like a big smartphone--which is a big difference from past kindles. It is more compact, lighter and yet still very usable. In fact for me, the shrinking of size increases the usefulness. I find that I use my smartphone way more than my tablets--even the smaller Fire HD and Samsung Note tablets so I am expecting this to replace more of that on the couch usage which is great since it so much less expensive than most smartphones. That means you can feel less bad about scratches that might occur or the accidental drops. (I am guilty of both.Read more",5,319,Positive
"I've got mixed feelings on this one, unfortunately. This review is coming from a kindle enthusiast who has owned or used nearly every variation of the device since the 1st generation.Size Weight---It's noticeably smaller and lighter than the Paperwhite. When I saw the specs it didn't really strike me as something that would make much difference to me, but in real life it's actually great. The Voyage fits into a few of my coat pockets that the Paperwhite was just a little too big to fit into.Origami Cover---I know there's a separate product page for the origami cover, but it's worth mentioning here as it is the official cover. The origami cover is ugly and I was skeptical, but I actually love it. It's weird because it opens by flipping over the top like a notepad. This actually makes it more comfortable to hold when the cover is open, in my opinion. It's hard to describe, but there are a lot more ways to hold the Voyage when it's attached to this cover, and just generally is more comfortable to use. The origami part of the case works great as well... it stands vertically or horizontally (if you're laying down and reading, this is amazing).The other great new thing about this case is that the Voyage attaches to it magnetically. It attaches and detaches very easily, unlike the Paperwhite which seemed to be nearly permanently attached to the standard case. This is great because if you decide you want to read the device and appreciate how light/thin it is without a case attached, it's super easy to take it out.It's pricey but worth it.PagePress---One of the new features is PagePress, which has sensors on the outer edge of the device that you can squeeze to turn pages.Read more",3,298,Neutral
"I love my Echo Tap! I have my own personal alarm, informs me on today's weather forcast and local events. Great purchase.",5,22,Positive
"While I've purchased items from Amazon for years, I rarely write reviews. I felt compelled to write one because, although there are only a few reviews at this point, I have never seen such a good product get such bad reviews. I'm hoping as more people purchase these, the star rating will be more accurate of the product itself. I'll address the three biggest complaints I've read from others:Sound Quality: I think these headphones sound great. I've never owned an expensive pair so I'm not able to compare them to higher-end offerings, but I've owned dozens of cheap and mid-range headphones in the 15-50 range. I'm not an audiophile or a musician so if I'm missing something that should be coming through, but isn't, I'm fine with my ignorance. I would say they're slightly better than Apple's buds (which I liked very much and used for years, most recently using their redesigned ones for about a year). There's no tinny, listening through a can sound that's all-too-common with headphones in this price range. As far as people saying they don't compare to Apple's buds, well I don't know, maybe they have some crazy exclusive version of Apple's buds that are amazing. But compared to the regular earpods, I think Amazon's headphones actually sound a bit better. They provide a nice, full sound and represent highs, lows and mids equally well (mainly listening to metal).Fit and Feel: Some people have complained about these falling, or feeling like they're going to fall, out of their ears. There's some validity to this, although obviously it depends on your specific ears. I don't feel like they're going to fall out at all, but if I give the cord a tug, they don't stay as secure as my Apple buds.Read more",3,296,Neutral
We love our Amazon Echo but it is hard wired to kitchen. Because of where we live AM reception is poor but through an Echo or Amazon Tap I can listen to some of my favorite stations through iHeart Radio and the Tap is portable.,5,45,Positive
Pretty cool kids love it. Always adding things to my grocery list I didn't want.,4,15,Positive
"I'm glad that I bought this product, it's easy to understand, my grandkids loves it.",5,15,Positive
"I've got mixed feelings on this one, unfortunately. This review is coming from a kindle enthusiast who has owned or used nearly every variation of the device since the 1st generation.Size Weight---It's noticeably smaller and lighter than the Paperwhite. When I saw the specs it didn't really strike me as something that would make much difference to me, but in real life it's actually great. The Voyage fits into a few of my coat pockets that the Paperwhite was just a little too big to fit into.Origami Cover---I know there's a separate product page for the origami cover, but it's worth mentioning here as it is the official cover. The origami cover is ugly and I was skeptical, but I actually love it. It's weird because it opens by flipping over the top like a notepad. This actually makes it more comfortable to hold when the cover is open, in my opinion. It's hard to describe, but there are a lot more ways to hold the Voyage when it's attached to this cover, and just generally is more comfortable to use. The origami part of the case works great as well... it stands vertically or horizontally (if you're laying down and reading, this is amazing).The other great new thing about this case is that the Voyage attaches to it magnetically. It attaches and detaches very easily, unlike the Paperwhite which seemed to be nearly permanently attached to the standard case. This is great because if you decide you want to read the device and appreciate how light/thin it is without a case attached, it's super easy to take it out.It's pricey but worth it.PagePress---One of the new features is PagePress, which has sensors on the outer edge of the device that you can squeeze to turn pages.Read more",3,298,Neutral
"While I've purchased items from Amazon for years, I rarely write reviews. I felt compelled to write one because, although there are only a few reviews at this point, I have never seen such a good product get such bad reviews. I'm hoping as more people purchase these, the star rating will be more accurate of the product itself. I'll address the three biggest complaints I've read from others:Sound Quality: I think these headphones sound great. I've never owned an expensive pair so I'm not able to compare them to higher-end offerings, but I've owned dozens of cheap and mid-range headphones in the 15-50 range. I'm not an audiophile or a musician so if I'm missing something that should be coming through, but isn't, I'm fine with my ignorance. I would say they're slightly better than Apple's buds (which I liked very much and used for years, most recently using their redesigned ones for about a year). There's no tinny, listening through a can sound that's all-too-common with headphones in this price range. As far as people saying they don't compare to Apple's buds, well I don't know, maybe they have some crazy exclusive version of Apple's buds that are amazing. But compared to the regular earpods, I think Amazon's headphones actually sound a bit better. They provide a nice, full sound and represent highs, lows and mids equally well (mainly listening to metal).Fit and Feel: Some people have complained about these falling, or feeling like they're going to fall, out of their ears. There's some validity to this, although obviously it depends on your specific ears. I don't feel like they're going to fall out at all, but if I give the cord a tug, they don't stay as secure as my Apple buds.Read more",3,296,Neutral
"I've had the Kindle Fire HDX 7 inch tablet for almost 3 years and when I compare it to the Fire HD 10, the earlier tablet comes out the big winner. I find the larger tablet considerably slower. Several apps load quite slowly. The battery is consumed much more quickly. Maybe this is not comparing apples with apples, but I had expected at least the same speed.",3,67,Neutral
"While it seemed to work fine, the Tap does not have the open mic feature. While that can be best for some, I bought it as a gift and they would prefer one that listens. The Tap makes you press the mic button every time you wish to communicate with Alexa, which seems to defeat the purpose.",2,57,Negative
"I'm writing this review with the benefit of being an experienced Kindle Fire user vs. someone brand new to the Kindle family. In summary, for 139 you are getting a good deal on a tablet computer - especially if you compare it to the 500 or more you can spend on a Wi-Fi version of the iPad. Overall, if you consider the price and the functionality I think this is a great tool / toy if you watch a lot of video or play a lot of games on your device: the video quality is outstanding and you can really tell a difference between this and last year's Fire. If you are a first-time tablet buyer, where price vs. value is a key consideration, or if you are looking for an affordable tablet for the kids, I'd recommend this regular Fire HD vs. a more expensive version. If you're comparing last year's HD model to this version and it is operating fine, I'd say save your money and continue to get your money's worth out of that one.My review below compares a lot of the features of this version of the Fire to last year's Fire HD but also some of the features for a first-time user.Consistent with my experience with setup of previous models of the Fire, setup took a while: despite being a brand new product, the Fire attempted to download and install several operating software updates. You just need to be patient while it downloads and installs.Screen Display / Video Playback:This version of the Fire has a great screen display and looking at the technical specs Amazon made some major changes in the display / resolution, and the picture appears more crisp: I compared the viewing experience watching an episode of The Lost Ship. The display on this Fire was one heck of a lot better in terms of sharpness than last year's model.Read more",5,318,Positive
"UPDATE: After 3 months of minimal use the remote stopped working. We have changed the batteries multiple times and still nothing. We can use our phones but that's just a hassle. I am pretty disappointed.Remote works great. It took a little time to pair with the fire stick but it was easy. It was back ordered for weeks, But it did arrive when it said it would.****UPDATE: After 5 months of light use the remote has stopped working. I am pretty disappointed. We have been using the app.",1,88,Negative
"UPDATE: July 6, 2015I'm reducing my rating to one star because all of a sudden this morning the screen protector just quit adhering to the screen. It falls off completely and if you do get it in place within five minutes it's slipping again and huge bubbles form. I have never had a problem with a Moshi product before and I am very surprised by this. At this price there is no excuse for the poor longevity of this product and I would never ever buy one again nor would I advise anybody to spend the money on this product to begin with.Original review follows in all its irony except for the whining about the price at the time that I still stand by:Superb screen protector. The best you can buy. Ridiculous price. Moshi products have been the stress reliever I've relied on when it comes to tablets and phone screen saver installation with their bubble proof installation and performance, but in this particular case I think the price I paid was twice what it was worth. So now the stress is back.",1,183,Negative
"Love the Dot, Hate the Tap Portable! This device will not hold a charge for even one day. The dots are amazing though.",2,23,Negative
"Bought the Echo Tap, Echo Dot, Phillips Hue Starter Kit and a Honeywell Thermostat for my wife for her birthday.She loves it and so do I!Cant wait to add more automated products to it. No need to have my phone out fumbling through multiple apps to change lighting and temperature, check weather, play music, etc., I just ask Alexa to do it while I continue at what I'm doing.Also, when the Dot and Tap are in the same room, the one that is closest to you typically answers your requests. Nice device that will only improve with time.",5,98,Positive
"Simply put, this is the Amazons iPad Air Killer. The 7 HDX is the iPad mini killer. Both HDXs inherent very similar hardware. This means the 8.9 version is an enlarged version of the 7 version. For my 7 version review, please search for my HDX 7 review.My profile: Im a heavy tablet user for personal and business purposes. I work on my tablet around 4-5 hours a day (Email / Documents / Spreadsheet / PDF) use the tablet 1-2 hours for personal use such as watching movies or reading books/magazine. The HDX tablet is my go-to device for all internet related search I do. It is also my main electronic device, more important than my smartphones and laptopsI have the following and/or used the following before:1) iPad 12) iPad 23) iPad 44) iPad Mini5) Kindle Fire6) Kindle Fire HD7) Kindle Fire HD 8.98) Asus Transformer with Keyboard9) Nexus 7 First Gen10) Kindle HDX 7 which I also have a review you can check outAs you can see, I been through many devices and hope this review with my experience helps users decide if this is the right device for them. This will be an ongoing review for this device throughout this year. For comparison sake, I will use last year's Kindle Fire HD 8.9 and also the Fire HDX 7 as benchmarksSpeed (9/10):The same chipset is used on the Kindle Fire HDX 8.9 as it is in the Kindle Fire 7 As I mentioned in the 7 review, this is leaps and bounds faster than last year Kindle HD. Last year Kindle struggles to go through any HD video content I put in. This year's HDX able to play seamlessly all the HD 1080p contents I added. It is incredible how much the 2.2Ghz quad processor improved vs last year's model Dual 1.2Ghz.Read more",4,305,Positive
"1. While a great idea to make the cover self-standing, it's annoying that it's floppy when not in use.2. I bought the cover because my first Kindle didn't have a cover and often got left on, wearing down the battery. My second Kindle cover had the convenient feature of automatically opening and closing the device. So I wanted that feature on my third Kindle. Even though I think it's over priced, I like the convenience.3. My other cover was black, which often got lost on dark surfaces. This time I got the denim blue, so it's much easier to find from a distance.",2,103,Negative
It's a nice item but really there's other things that do the same thing. So we actually returned it.,5,19,Positive
"I'm a huge fan of the Echo family. I have two Echo's, three Dots and one Tap. No they aren't essential to my life but I love playing music, listening to the news and controlling the Philips Hue smart lights throughout my home. It was a large investment that most of the population won't make - with that being said I am not a huge fan of the way the hockey puck Dots look like. Glossy plastic looks a little cheap to me although it has no effect on the performance of them. Having the Dot cover is a great option and it looks fantastic.Some reviewers say they look cheap or fit too loose - I'm not sure why people are moving their Dots. Since Dots are made to be stationary, have a loose fitting cover isn't an issue. To me, it fits perfectly. They also aren't made of real fabric, but the important part is that it does look like the fabric in the picture. Not being fabric is a better option considering plastic is much more durable than material and will hold its color better if your Dot happens to get sunlight.I bought three covers - Blue, Grey and White. They all look good but the grey is my favorite as it doesn't attract more attention than it needs to. With that being said, I like all three colors.Edit 07/11/2017 - These covers hold up well over time. Mine haven't collected dust or faded. I've kept them on for over half a year and not a single issue (not that I'd expect any besides possible fading).",5,268,Positive
Has good sound for little speaker & good for getting information with out getting up.,5,15,Positive
"While I've purchased items from Amazon for years, I rarely write reviews. I felt compelled to write one because, although there are only a few reviews at this point, I have never seen such a good product get such bad reviews. I'm hoping as more people purchase these, the star rating will be more accurate of the product itself. I'll address the three biggest complaints I've read from others:Sound Quality: I think these headphones sound great. I've never owned an expensive pair so I'm not able to compare them to higher-end offerings, but I've owned dozens of cheap and mid-range headphones in the 15-50 range. I'm not an audiophile or a musician so if I'm missing something that should be coming through, but isn't, I'm fine with my ignorance. I would say they're slightly better than Apple's buds (which I liked very much and used for years, most recently using their redesigned ones for about a year). There's no tinny, listening through a can sound that's all-too-common with headphones in this price range. As far as people saying they don't compare to Apple's buds, well I don't know, maybe they have some crazy exclusive version of Apple's buds that are amazing. But compared to the regular earpods, I think Amazon's headphones actually sound a bit better. They provide a nice, full sound and represent highs, lows and mids equally well (mainly listening to metal).Fit and Feel: Some people have complained about these falling, or feeling like they're going to fall, out of their ears. There's some validity to this, although obviously it depends on your specific ears. I don't feel like they're going to fall out at all, but if I give the cord a tug, they don't stay as secure as my Apple buds.Read more",3,296,Neutral
We use this speaker all the time. It's perfect. I would buy this time and time again.,5,17,Positive
Nice portable speaker but wish the sound quality was better.,3,10,Neutral
"These remotes are terrible and basically disposable. I'm now on my third remote and have yet to own one that has lasted longer than five months. My family is not rough on them, either. But as the touch pad gets the slightest bit dirty from daily handling, the remote starts getting glitchy and then stops working. And gently cleaning them doesn't seem to help. Terrible design from Amazon.",1,68,Negative
"Overall for an Alexa product it does the same thing as all the other ones. This one is specifically portable and only needs to be put on the base for charging. The one main issue is that it is not voice activated (meaning it does not listen to you unless you press any of the buttons on top or the mic button in front. By having this feature, I could see it causing excess battery usage. Needs to be able to apps better.",3,83,Neutral
"This product, while the speaker is great, fails to deliver with a voice interface. Use your cell phone or computer and buy an Echo Dot.",3,25,Neutral
"I am not pleased, every movie I select is a pay for view. It's a good thing Netflix on it. Every movie that is a pay for view can be found on Netflix. I don't need this device, Netflix is available on Cable one.",2,44,Negative
"My remote went out just a couple weeks after we received the Fire Stick.Put new batteries in it and it worked another couple weeks. Then, I didn't have time to get to it until the return time was out. I tried batteries again, cleaning the ports, and everything I could think of. Because I can't get the cheap remote working, this Fire Stick is STUCK on the television on which is was originally installed.... until I pay for a new remote. Amazon, you can do better than this. I see that there are many, many posts of people like me whose remotes just don't work. A phone app is nice, but shouldn't HAVE to be the only answer besides another remote that costs 30 of the original whole product.",2,129,Negative
very overpriced!,2,2,Negative
I have had some problems with it. I bought to replace the original cover that was chewed by my dog. I have had to restart my Kindle to get it to hold a charge which helped but the charge does not last as long as it did with my original cover.,3,51,Neutral
"I should have done some research before buying the Tap. I would have rather had the upgraded version that is voice activated. Also, I thought it would be more like Siri where you can ask anything. Alexa's answer to most questions is, ""I don't understand the question."" The Bluetooth speaker works fine.",2,52,Negative
"The whole family is using it. Music, Bluetooth speaker, questions, game times, sports scores. Love the portability.",5,17,Positive
"Thoughts of being able to have the Echo ""grow"" as I added to the list of tasks, excited me. Including the latest app, having it to recognize my smartphone's contact list to place and to receive calls. However, the Echo I purchased does not link up to my Samsung smartphone. Disappointed is a understatement.",4,54,Positive
This is a great piece of hardware...I love it. really good all around..,5,13,Positive
It is great to take my Tap on the road. Easy to use and sounds great.,5,16,Positive
"I'll preface this by saying that I own an iPad, and was not expecting a 99 tablet to perform at anywhere near that level. I have followed the early reviews closely, and after seeing enough satisfied customers, I figured I'd give the Kindle Fire HD 6 a try. I chose the base 8 GB with special offers and my plan was to use it as a secondary e-reader and a secondary or even tertiary vehicle for internet access. What I've found is a powerful little tablet, so far completely free of the bugs and laggy speeds mentioned in the early reviews. In fact, performance has so exceeded expectations that I consider this perhaps the year's best purchase.First off the look is nice. It's sleek, (I ordered the black model) and though actually quite a bit heavier than I'd imagined, it's not heavy enough to be considered a negative. The display is fantastic, and its quality was the first big surprise. The touch screen performs incredibly well, and to this point, I have experienced immediate response. To the point where I have to say touch response so far is indistinguishable from my iPad. Based on early reviews, this was not the case, so I have been quite pleasantly surprised. The Fire is very user friendly and easy to intuit. For those who do not feel confident with navigation of a new device, there is an immediate onscreen tutorial (with an option to skip) to guide you.I first checked out the e-reader function. My books loaded immediately and easily from the cloud and I really like the functionality of the reader.Read more",5,270,Positive
"If you read my Fire TV review you know that I am tough on Amazon when it comes to their own items. It needs to deliver quality for the price point to earn stars from me. Please take the time to read my entire review and feel free to ask questions. I will do my best to respond to them as I can and update the review to reflect those answers and other things I discover along the way.First my background. I own many Amazon Kindles (bw, Fire gen2, Fire gen3) as well as Apple Ipad (gen 4), Samsung Note 3 and have an LG G2 smartphone (had a Samsung S4 before that), notebooks, chromebooks, etc. I have also used many other products including the Fire HDX line. I have a solid computer background as well but honestly I am more of a casual user when it comes to tablets like this one.Amazon has changed many things over the life of the Fire product line. Adding and removing features (like cameras--the first generation had one but the second generation removed them but not they are back).They are all useful devices but each one has its own niche so to speak so make sure whatever you get has the features that are important to you.Now to this model. This is like a big smartphone--which is a big difference from past kindles. It is more compact, lighter and yet still very usable. In fact for me, the shrinking of size increases the usefulness. I find that I use my smartphone way more than my tablets--even the smaller Fire HD and Samsung Note tablets so I am expecting this to replace more of that on the couch usage which is great since it so much less expensive than most smartphones. That means you can feel less bad about scratches that might occur or the accidental drops. (I am guilty of both.Read more",5,319,Positive
I have the Echo and I just love it... I bought the Tap for my daughter for Christmas so she does not know she has it yet.,5,27,Positive
My wife uses the Tap mostly to listen to music. She loves the fact that she can take it into aNY room of the house. No more having to turn up the sound to hear I'm different parts of the house.,5,41,Positive
"I am updating my review from two months ago.. My initial review for the sling cover was based on first impressions after just receiving it. Today I have been using the Tap and sling daily for over the last two months and I felt like I needed to modify my review. I originally did not recommend this product, but after living with it, and growing to like it, I am changing my recommendation.The truth is, the base and top feel more protected than the appearance would have you believe. I have dropped it a couple times and it was protected by the sling. I think the rubber absorbs most of the force of the fall. Also, it has been sat into a puddle and the bottom is protected by the rubber sling.I initially was upset by the sling preventing me from charging on the charging dock, but it isn't as big of a problem as I thought it would be. I just pull off the bottom of the sling and charge it (leaving the top of the sling on). easy off and easy back on after.My only real lingering complaint would be the price. 20 for essentially a thin piece of rubber wrapping the top and bottom still seems a little excessive. I am increasing my stars by one. Really the price is the only thing keeping this from a 5 star for me. I have come to really like the sling. I have also bought a cheap pouch to throw it into while transporting it. That has eased my concerns about keeping it clean/safe while throwing it into a work bag.My original is below. Overall, I would (and have) recommended the sling to protect the Tap.Received the Tap and the Sling cover in the last 24 hours.Read more",4,299,Positive
Good case!!,5,2,Positive
"As with other recent Fire covers by Amazon, the cover has a snap-in plastic shell that holds the Fire securely and will not let it fall out. (I've used plastic shells similar to this for years with my Kindles and Kindle Fires, and none of them has ever slipped out.)Another feature that I look for is Auto Wake/Sleep, which automatically wakes the tablet when you open the cover and puts it to sleep when the cover is closed. It's a very useful feature that helps to extend battery life, since you don't have to remember to hit the power switch when you close the cover. It's also a huge convenience feature.Other comments:* All of the Fire's ports and controls are on top of the Fire, which is open on the case. The speakers are covered, but when the case is opened, they're uncovered. Note that the cover does block the micro SD card port on the side.* The microfiber inside of the top cover helps prevent scratches to the display screen.* The front cover can be folded to act as a viewing stand. It's a nice feature, especially for watching videos.* With the cover folded back on itself, the rear camera is blocked. To use the camera, you'll have to keep the cover open. But honestly, how often are you going to use the Fire's rear camera, which at 2 MP is pretty lame.",5,234,Positive
"I bring it when hanging out outside, exercising, doing housework anywhere my echo won't hear me",5,16,Positive
Amazing unit Easy to set up just remember to also purchases an hdmi to hdmi cord that does not come with the Amazon fire tv or you will have to wait to get started. This makes my tv look more crisp and clear than it ever has. Easy to use. Absolutely love it,5,53,Positive
"While I've purchased items from Amazon for years, I rarely write reviews. I felt compelled to write one because, although there are only a few reviews at this point, I have never seen such a good product get such bad reviews. I'm hoping as more people purchase these, the star rating will be more accurate of the product itself. I'll address the three biggest complaints I've read from others:Sound Quality: I think these headphones sound great. I've never owned an expensive pair so I'm not able to compare them to higher-end offerings, but I've owned dozens of cheap and mid-range headphones in the 15-50 range. I'm not an audiophile or a musician so if I'm missing something that should be coming through, but isn't, I'm fine with my ignorance. I would say they're slightly better than Apple's buds (which I liked very much and used for years, most recently using their redesigned ones for about a year). There's no tinny, listening through a can sound that's all-too-common with headphones in this price range. As far as people saying they don't compare to Apple's buds, well I don't know, maybe they have some crazy exclusive version of Apple's buds that are amazing. But compared to the regular earpods, I think Amazon's headphones actually sound a bit better. They provide a nice, full sound and represent highs, lows and mids equally well (mainly listening to metal).Fit and Feel: Some people have complained about these falling, or feeling like they're going to fall, out of their ears. There's some validity to this, although obviously it depends on your specific ears. I don't feel like they're going to fall out at all, but if I give the cord a tug, they don't stay as secure as my Apple buds.Read more",3,296,Neutral
Could not get it to work properly. I put the app on my phone and my computer. I reached out for help. They responded and it still didn't work. I finally got frustrated and returned it.,1,36,Negative
"It has sleep timer capability alarm I use it at work, or use it at home while I'm in the shower and I'll bring it to Friends houses and we use Alexa to gain information or just have fun. quality a 9 its loud too.",5,45,Positive
"While I've purchased items from Amazon for years, I rarely write reviews. I felt compelled to write one because, although there are only a few reviews at this point, I have never seen such a good product get such bad reviews. I'm hoping as more people purchase these, the star rating will be more accurate of the product itself. I'll address the three biggest complaints I've read from others:Sound Quality: I think these headphones sound great. I've never owned an expensive pair so I'm not able to compare them to higher-end offerings, but I've owned dozens of cheap and mid-range headphones in the 15-50 range. I'm not an audiophile or a musician so if I'm missing something that should be coming through, but isn't, I'm fine with my ignorance. I would say they're slightly better than Apple's buds (which I liked very much and used for years, most recently using their redesigned ones for about a year). There's no tinny, listening through a can sound that's all-too-common with headphones in this price range. As far as people saying they don't compare to Apple's buds, well I don't know, maybe they have some crazy exclusive version of Apple's buds that are amazing. But compared to the regular earpods, I think Amazon's headphones actually sound a bit better. They provide a nice, full sound and represent highs, lows and mids equally well (mainly listening to metal).Fit and Feel: Some people have complained about these falling, or feeling like they're going to fall, out of their ears. There's some validity to this, although obviously it depends on your specific ears. I don't feel like they're going to fall out at all, but if I give the cord a tug, they don't stay as secure as my Apple buds.Read more",3,296,Neutral
I have a few top end Bluetooth speakers and this Amazon tap rates right up with them in sound and built quality plus it has alexa built in,5,28,Positive
"I do find this better than the cheaper version I bought initially at Staples. It charges faster but not as fast as the Kindle charger that I had used for a couple years before it finally gave out. Also, it is not possible to charge and still use your Kindle, something I was able to do with the previous charger, a feature I really miss. Still, better than the alternative.",3,70,Neutral
Worked great for a few weeks then completely stopped working. Don't have the box now so can't return it.,1,19,Negative
"This is a great controller for our Fire TV, I purchased 2 of them, with two problems but let me first talk about the good. The controller works well for most of the games we play on the Fire TV. It has a long range compared to other controllers Ive tried (solid at 30 feet) and uses WiFi Direct instead of Bluetooth. The feel of it is decent (not too rubbery) and none of the buttons, D-Pad, or sticks have stuck or given us a problem. The microphone on it works as good or better than the one on the Fire TV remote.Now on to the problems. Its such an issue that Im not just putting it in the cons section but am going to tell you a bit about it. The worst problem is the battery life! In fact, its such a huge problem that Im taking off 2 stars because of it. This controller eats batteries like nobodys business. I have tried regular AA batteries (both Duracell and Energizer), expensive AA batteries (both Duracell and Energizer), and rechargeable AA batteries (Ive tried Energizer, Apple, AmazonBasics). The controller doesnt drain the batteries completely, nope. That I would understand. Instead, the controller stops working after only a 40 drain. I kid you not. Every set of batteries I have put into this thing has stopped working when there is still 60 battery life left. I have tested each set, before and after, using a generic battery tester as well as an ohm meter.The second problem may not be the controller itself, it may be the Fire TV, but its affecting the controller. The controller randomly disconnects. Not often enough for it to be a huge issue but just enough for it to be annoying. I have seen reports of others having the same problem with the controller and the remote. Im hoping that this issue will be fixed with a firmware update.Read more",2,323,Negative
"This was a complete waste of 24. I read reviews and thought the product was better than a thin piece of sticky plastic. Lasted about one week. And my husband is not a frequent user of his cellphone, either. So for someone who carries cell with them and uses daily will probably last a day or so.",1,57,Negative
"Updated 12/8/2014One year in...This review is for the the no-ad 64 GB wifi-only HDX 8.9.I use a Galaxy S5 Android smartphone so the HDX is for media / web surfing / offline viewing for travel. Since I had already been using Amazon Prime and Prime Music it was a no brainer for me to use the HDX to fill the role of media / web surfing on a tablet.Be informed about the download limitations to this device. Amazon has been adding clarification to this which should help would-be purchasers make a more informed opinion. This wasn't as obvious as it should have been when I ordered mine so they're listening which is good.Be aware that their most popular Prime content *may* not be available to download (and save) to your HDX. You can save certain videos to your HDX but you won't know which ones until you buy an HDX and try it out. *** Edited 12/21/2013 You can now see a list of Prime movies and shows that can be downloaded to the device. That's an improvement and more clearly shows the available downloadable Prime content. +1 for Amazon. ***I was also under the assumption that you could download as many videos as you'd like with the limiting factor being the memory capacity of the HDX. Also NOT the case. So again, I bought the larger capacity HDX under this assumption. That was dumb on my part as it turns out because you're not limited by storage capacity. You're limited the NUMBER of downloads you can have on your device. Kids' content can be really short so you may find yourself running into that limitation, but most people never will.Read more",3,282,Neutral
Lets me choose the type of music I love. Can even go to the beach with me using my sling.,5,20,Positive
"I'm thinking this must of been a fluke, it never worked. Had to return item but received full refund",2,19,Negative
Love the speaker and the assistance of Alexa. Was trying to choose between this and a regular Bluetooth speaker and this was a better choice for my needs.,5,28,Positive
Like a previous reviewer mentioned it is fabric over hard plastic it is not a snug or tight fit. Good quality though.,3,22,Neutral
"As good as the Echo is, the Echo Voice Remote seems to leave much to be desired. Whereas the Echo Dot recognizes my voice immediately and correctly interprets my commands consistently, the Voice Remote is far less likely to do so. Sometimes I'm not even heard at all. I often have to repeat commands several times before the Echo responds to me. Plus the volume control on the remote is slow to respond. And I don't mean a millisecond slow. The volume won't change for several seconds after the button is pushed.Yes, this is the New Generation Voice Remote.Aha! You say. You must be too far away from the Echo Dot.Granted, I am on the other side of the house when I use the Voice Remote. However, that doesn't explain why the shuffle button works immediately and correctly--every time. Plus doesn't Amazon brag on the device's great range If it was a distance problem, wouldn't the shuffle button have the same connectivity issue No, either I have a bad remote or the Voice Remote doesn't work as effectively and effortlessly as the Echo Dot itself. That's too bad.*** UPDATE ***I discovered that there is a trick to being understood when you use the Voice Remote, but it also comes with a gotcha. When you press down and hold the Talk Button on the Voice Remote, it's the equivalent of using the wake word on the Echo itself (Alexa, for example.) Since you can't see the LEDs on the Echo respond to the wake word, the Echo makes a tone to let you know that it's listening. There is a second a different acknowledgement tone after you release the Talk button. The Echo now knows that you have finished with your command or question.Read more",2,294,Negative
"(The volume does not work with the iPhones. Please, if you have an iPhone, do your research before buying them, e.g. first line of product description. These work WELL for androids)I wanted to give these headphones a try, so I preordered them at the end of June. They finally came today and I got to try them out.FEEL: They feel like the Apple EarPods headphones when its in your ear. For me, it's very comfortable. I haven't had a chance to keep them in all day, but I've had them in for 30 minutes to an hour at a time.AUDIO: I'm not a complete audiophile, but I do like the occasional nice set of headphones. If you're thinking these are a nice set of headphones, then don't even think about ordering.I guess I would say they're pretty similar in sound to the EarPods, but I would definitely give these a step up from the apple headphones. Hands down.One thing I did love about the EarPods, was that I could still hear everything around me while I had both headphones in. These are the same way. Some may not like it, but I think it's perfect for use around the house, at work, or even for working out. I like for the fact I can still hear things going around me. If the ambient noise is too loud, just turn up the volume.I do want to say, that so far, they seem to have good lows and mids. It's pretty crisp in sound. The bass isn't too bad either. It's not like a Skullcandy set of headphones, but the bass IS there (honestly better than I would have expected for these headphones)LOOKS: I love the black look. Tangle free cord is very nice to have, and I also found it interesting how the section above the controls are the regular thin cables to make it lighter when dangling.Read more",5,318,Positive
"I am thoroughly impressed with my Echo Dot and this case takes it to the next level by appearing as a much higher end product vs. a nerdy plastic computer sitting on your kitchen countertop. The construction is solid and it is slightly lifted to still allow audio access from the bottom of the Echo. This case/cover will give your Echo the needed extra touch allowing it to blend in, but still offer the great functionality of Alexa.",5,78,Positive
"I would have rated this higher (4 stars) but I am taking off 2 stars for not having an 'off' or a 'sleep mode' button. It is supposed to go to sleep after 30 minutes but mine has not gone to sleep much since plugging it in a few days ago. So far it is only a slight improvement over my LG blu-ray players which allows me to watch amazon videos. I only see a few Interesting games so I will continue using my Xbox and my Kindle tablets until more games are available. For the price, I could have waited.",2,101,Negative
"Without an on / off button, I have found that the controller comes on (the light comes on showing it's connected to the FireTV) even when not in use. I am assuming this is why the batteries were draining so quick. Now, I put the remote into a 2nd room when I am not using it and the batteries last a normal lifespan. The light never turns on know when the remote is in the other room.",3,77,Neutral
"I bought these for a couple of reasons.First, I wanted an earbud that was NOT designed as noise cancelling. I hate having to shove headphones into my brain to use them. Apparently, a lot of people are under the assumption that these are supposed to be noise cancelling or something which they are not. They are simple earbuds. I hate not being able to hear what is going on around me and don't feel safe in public using headphones that block everything else out. These are designed just like the old style earbuds that you stick in your ears but they are more comfortable. Maybe I have small ears or something but they could never fall out or dislodge from my ears. They don't cancel the outside noise but they sit in my ears exactly as they are supposed to so the sound travels right into my ears.Second, I really like the magnets and tangle free aspects of the headphones. I use headphones while I work and the magnets allow me to hang the headphones easily when I am finished with them. The flat cord and magnets also mean the headphones never really tangle when you put them in a bag or wherever. Awesome design.Finally, the sound I get out of these seems pretty average. I would compare them to the stock Apple iPhone earbuds or a set of Sony earbuds. Nothing special. They are only 25 and a lot of that is the fact these were just released and that you are paying for the design as far as magnets in the ear buds and the nice flat cable. Don't expect them to perform like 100 headphones because they aren't designed to perform like that. They are just a nice simple set of earbuds that will sound good to most people. The magnets and tangle free cord are awesome and they are really quite comfortable.Read more",5,317,Positive
"While I've purchased items from Amazon for years, I rarely write reviews. I felt compelled to write one because, although there are only a few reviews at this point, I have never seen such a good product get such bad reviews. I'm hoping as more people purchase these, the star rating will be more accurate of the product itself. I'll address the three biggest complaints I've read from others:Sound Quality: I think these headphones sound great. I've never owned an expensive pair so I'm not able to compare them to higher-end offerings, but I've owned dozens of cheap and mid-range headphones in the 15-50 range. I'm not an audiophile or a musician so if I'm missing something that should be coming through, but isn't, I'm fine with my ignorance. I would say they're slightly better than Apple's buds (which I liked very much and used for years, most recently using their redesigned ones for about a year). There's no tinny, listening through a can sound that's all-too-common with headphones in this price range. As far as people saying they don't compare to Apple's buds, well I don't know, maybe they have some crazy exclusive version of Apple's buds that are amazing. But compared to the regular earpods, I think Amazon's headphones actually sound a bit better. They provide a nice, full sound and represent highs, lows and mids equally well (mainly listening to metal).Fit and Feel: Some people have complained about these falling, or feeling like they're going to fall, out of their ears. There's some validity to this, although obviously it depends on your specific ears. I don't feel like they're going to fall out at all, but if I give the cord a tug, they don't stay as secure as my Apple buds.Read more",3,296,Neutral
Changes the whole look of the Echo ... after i purchased i think i should have gone with the tan leather. But blue is my favorite color and it adds a bit of a pop to a mundane looking black disk! The texture is also really nice feel and look to it!,5,52,Positive
"I was really excited for this speaker. Got it all hooked up to my echo and was ready to go. Then I listened to the music. It has no bass. If you want something the has a good range of sound, this isn't it. It is focused on treble only. No low end. I ended up getting the JBL Charge 3. Love it",3,63,Neutral
I love its portability! The speakers are phenomenal!,5,8,Positive
"The more I use this, the more reasons I enjoy it. The staff were great and helped me set it up.",4,21,Positive
Great product with a ton of features. Add the Echo Dot to get even more out of it,5,18,Positive
"Edit 6/15/17 After three months of use, I still don't love it. It works well, no complaints, but it marks up easily and the sides began flaking off. My original black cover had shown signs of wear due to repeatedly falling asleep with it folded back. I was much more careful with the merlot, and it showed more signs after a shorter period of time. And the flaky thing along the sides looks and feels just cheap. And for 90, I would expect real leather. So I switched back to my original black cover and I'm just letting it age with the device. I guess the plus side is that the merlot made me like the black cover more, but the downside is it cost 90 to do so. Ridiculous.As stated in the title, I love my Oasis. I've had it for about six months and, with the exception of the defective first one I received which was promptly replaced, I haven't had a problem out of it. I had gotten the black cover because black is my default choice, always. However, a couple of months ago I had gotten a screen protector and skin for the Oasis, and I just wasn't feeling the black cover anymore. I had considered the merlot (I think the walnut would feel nicer to the touch, but I despise brown leather) so I gave in after much consideration and ordered it. It didn't arrive with the bundle of things that it was supposedly shipped with, but after a quick call to customer service I had a new tracking number. It finally arrived today. I am disappointed to say that I don't love it. It smells funny, as I done remember my original doing. The color is duller than in the picture. Maybe my expectations had overblown due to the wait and the whole two tracking numbers thing, but I just don't love it.Read more",2,320,Negative
"For the love of god do not buy this!!! Thought it was great at first since it didn't add any size to the phone given that it sticks to the face. Well, at least its supposed to. Lasted three days and came of the phone and now can't do anything with it since the adhesive no longer holds. 25 for this piece of junk! What was I thinking",1,68,Negative
"While I've purchased items from Amazon for years, I rarely write reviews. I felt compelled to write one because, although there are only a few reviews at this point, I have never seen such a good product get such bad reviews. I'm hoping as more people purchase these, the star rating will be more accurate of the product itself. I'll address the three biggest complaints I've read from others:Sound Quality: I think these headphones sound great. I've never owned an expensive pair so I'm not able to compare them to higher-end offerings, but I've owned dozens of cheap and mid-range headphones in the 15-50 range. I'm not an audiophile or a musician so if I'm missing something that should be coming through, but isn't, I'm fine with my ignorance. I would say they're slightly better than Apple's buds (which I liked very much and used for years, most recently using their redesigned ones for about a year). There's no tinny, listening through a can sound that's all-too-common with headphones in this price range. As far as people saying they don't compare to Apple's buds, well I don't know, maybe they have some crazy exclusive version of Apple's buds that are amazing. But compared to the regular earpods, I think Amazon's headphones actually sound a bit better. They provide a nice, full sound and represent highs, lows and mids equally well (mainly listening to metal).Fit and Feel: Some people have complained about these falling, or feeling like they're going to fall, out of their ears. There's some validity to this, although obviously it depends on your specific ears. I don't feel like they're going to fall out at all, but if I give the cord a tug, they don't stay as secure as my Apple buds.Read more",3,296,Neutral
"While I've purchased items from Amazon for years, I rarely write reviews. I felt compelled to write one because, although there are only a few reviews at this point, I have never seen such a good product get such bad reviews. I'm hoping as more people purchase these, the star rating will be more accurate of the product itself. I'll address the three biggest complaints I've read from others:Sound Quality: I think these headphones sound great. I've never owned an expensive pair so I'm not able to compare them to higher-end offerings, but I've owned dozens of cheap and mid-range headphones in the 15-50 range. I'm not an audiophile or a musician so if I'm missing something that should be coming through, but isn't, I'm fine with my ignorance. I would say they're slightly better than Apple's buds (which I liked very much and used for years, most recently using their redesigned ones for about a year). There's no tinny, listening through a can sound that's all-too-common with headphones in this price range. As far as people saying they don't compare to Apple's buds, well I don't know, maybe they have some crazy exclusive version of Apple's buds that are amazing. But compared to the regular earpods, I think Amazon's headphones actually sound a bit better. They provide a nice, full sound and represent highs, lows and mids equally well (mainly listening to metal).Fit and Feel: Some people have complained about these falling, or feeling like they're going to fall, out of their ears. There's some validity to this, although obviously it depends on your specific ears. I don't feel like they're going to fall out at all, but if I give the cord a tug, they don't stay as secure as my Apple buds.Read more",3,296,Neutral
Got this on sale for 100! Replaces my 500 cds! Must buy as long as you have Prime!,5,18,Positive
"While I've purchased items from Amazon for years, I rarely write reviews. I felt compelled to write one because, although there are only a few reviews at this point, I have never seen such a good product get such bad reviews. I'm hoping as more people purchase these, the star rating will be more accurate of the product itself. I'll address the three biggest complaints I've read from others:Sound Quality: I think these headphones sound great. I've never owned an expensive pair so I'm not able to compare them to higher-end offerings, but I've owned dozens of cheap and mid-range headphones in the 15-50 range. I'm not an audiophile or a musician so if I'm missing something that should be coming through, but isn't, I'm fine with my ignorance. I would say they're slightly better than Apple's buds (which I liked very much and used for years, most recently using their redesigned ones for about a year). There's no tinny, listening through a can sound that's all-too-common with headphones in this price range. As far as people saying they don't compare to Apple's buds, well I don't know, maybe they have some crazy exclusive version of Apple's buds that are amazing. But compared to the regular earpods, I think Amazon's headphones actually sound a bit better. They provide a nice, full sound and represent highs, lows and mids equally well (mainly listening to metal).Fit and Feel: Some people have complained about these falling, or feeling like they're going to fall, out of their ears. There's some validity to this, although obviously it depends on your specific ears. I don't feel like they're going to fall out at all, but if I give the cord a tug, they don't stay as secure as my Apple buds.Read more",3,296,Neutral
"While I've purchased items from Amazon for years, I rarely write reviews. I felt compelled to write one because, although there are only a few reviews at this point, I have never seen such a good product get such bad reviews. I'm hoping as more people purchase these, the star rating will be more accurate of the product itself. I'll address the three biggest complaints I've read from others:Sound Quality: I think these headphones sound great. I've never owned an expensive pair so I'm not able to compare them to higher-end offerings, but I've owned dozens of cheap and mid-range headphones in the 15-50 range. I'm not an audiophile or a musician so if I'm missing something that should be coming through, but isn't, I'm fine with my ignorance. I would say they're slightly better than Apple's buds (which I liked very much and used for years, most recently using their redesigned ones for about a year). There's no tinny, listening through a can sound that's all-too-common with headphones in this price range. As far as people saying they don't compare to Apple's buds, well I don't know, maybe they have some crazy exclusive version of Apple's buds that are amazing. But compared to the regular earpods, I think Amazon's headphones actually sound a bit better. They provide a nice, full sound and represent highs, lows and mids equally well (mainly listening to metal).Fit and Feel: Some people have complained about these falling, or feeling like they're going to fall, out of their ears. There's some validity to this, although obviously it depends on your specific ears. I don't feel like they're going to fall out at all, but if I give the cord a tug, they don't stay as secure as my Apple buds.Read more",3,296,Neutral
"I don't know what's wrong with fire tv remotes, but they tend to malfunction after a while. I have no intention of buying another one, when the replacement remote breaks again, I'm done with amazon fire tv and will look for another provider. Unless amazon gives me a free remote",1,50,Negative
"This one really does not have bubble problems, yes because the screen part is actually thinner than side part thus it is actually floating above the screen. While it cause a problem that the touch screen is not as sensitive than in the previous time. Secondly it is really soft actually thus it will be scratched easily by anything near your cellphone such as keys or coins. I would like to say that design is okay, but it is not satisfactory as a screen protector.",2,85,Negative
"I bought these for a couple of reasons.First, I wanted an earbud that was NOT designed as noise cancelling. I hate having to shove headphones into my brain to use them. Apparently, a lot of people are under the assumption that these are supposed to be noise cancelling or something which they are not. They are simple earbuds. I hate not being able to hear what is going on around me and don't feel safe in public using headphones that block everything else out. These are designed just like the old style earbuds that you stick in your ears but they are more comfortable. Maybe I have small ears or something but they could never fall out or dislodge from my ears. They don't cancel the outside noise but they sit in my ears exactly as they are supposed to so the sound travels right into my ears.Second, I really like the magnets and tangle free aspects of the headphones. I use headphones while I work and the magnets allow me to hang the headphones easily when I am finished with them. The flat cord and magnets also mean the headphones never really tangle when you put them in a bag or wherever. Awesome design.Finally, the sound I get out of these seems pretty average. I would compare them to the stock Apple iPhone earbuds or a set of Sony earbuds. Nothing special. They are only 25 and a lot of that is the fact these were just released and that you are paying for the design as far as magnets in the ear buds and the nice flat cable. Don't expect them to perform like 100 headphones because they aren't designed to perform like that. They are just a nice simple set of earbuds that will sound good to most people. The magnets and tangle free cord are awesome and they are really quite comfortable.Read more",5,317,Positive
Love that it's 'interactive' as long as I'm connected to the wifi or via Bluetooth to my phone! The sound is pretty good - tends to get a little 'tinny' sounding if you turn it up too loud. But overall a good sound. I'm still trying to find Alexa's limits on what she can and can't do!!,4,57,Positive
"Still not really in love with the new Kindle itself (on the fence about returning it), but this case is just horrid. It says it stands, it doesn't. It just collapses no matter position it's in. It's flimsy and scratchy and does just about nothing. Complete waste of money.",1,49,Negative
All good A+,5,3,Positive
"While I've purchased items from Amazon for years, I rarely write reviews. I felt compelled to write one because, although there are only a few reviews at this point, I have never seen such a good product get such bad reviews. I'm hoping as more people purchase these, the star rating will be more accurate of the product itself. I'll address the three biggest complaints I've read from others:Sound Quality: I think these headphones sound great. I've never owned an expensive pair so I'm not able to compare them to higher-end offerings, but I've owned dozens of cheap and mid-range headphones in the 15-50 range. I'm not an audiophile or a musician so if I'm missing something that should be coming through, but isn't, I'm fine with my ignorance. I would say they're slightly better than Apple's buds (which I liked very much and used for years, most recently using their redesigned ones for about a year). There's no tinny, listening through a can sound that's all-too-common with headphones in this price range. As far as people saying they don't compare to Apple's buds, well I don't know, maybe they have some crazy exclusive version of Apple's buds that are amazing. But compared to the regular earpods, I think Amazon's headphones actually sound a bit better. They provide a nice, full sound and represent highs, lows and mids equally well (mainly listening to metal).Fit and Feel: Some people have complained about these falling, or feeling like they're going to fall, out of their ears. There's some validity to this, although obviously it depends on your specific ears. I don't feel like they're going to fall out at all, but if I give the cord a tug, they don't stay as secure as my Apple buds.Read more",3,296,Neutral
"My brother Robert who has been bed ridden and paralyzed with Multiple Sclerosis from his neck down for more than 30 years now has a new friend named Alexa! He was in tears with happiness when Alexa played 70's music, played Jeopardy, answered all his questions and wakes him up every morning. Thank you Amazon for giving my brother a new bedside companion.Happy HolidaysRoy",5,64,Positive
"While I've purchased items from Amazon for years, I rarely write reviews. I felt compelled to write one because, although there are only a few reviews at this point, I have never seen such a good product get such bad reviews. I'm hoping as more people purchase these, the star rating will be more accurate of the product itself. I'll address the three biggest complaints I've read from others:Sound Quality: I think these headphones sound great. I've never owned an expensive pair so I'm not able to compare them to higher-end offerings, but I've owned dozens of cheap and mid-range headphones in the 15-50 range. I'm not an audiophile or a musician so if I'm missing something that should be coming through, but isn't, I'm fine with my ignorance. I would say they're slightly better than Apple's buds (which I liked very much and used for years, most recently using their redesigned ones for about a year). There's no tinny, listening through a can sound that's all-too-common with headphones in this price range. As far as people saying they don't compare to Apple's buds, well I don't know, maybe they have some crazy exclusive version of Apple's buds that are amazing. But compared to the regular earpods, I think Amazon's headphones actually sound a bit better. They provide a nice, full sound and represent highs, lows and mids equally well (mainly listening to metal).Fit and Feel: Some people have complained about these falling, or feeling like they're going to fall, out of their ears. There's some validity to this, although obviously it depends on your specific ears. I don't feel like they're going to fall out at all, but if I give the cord a tug, they don't stay as secure as my Apple buds.Read more",3,296,Neutral
"All right so I was scrolling through the reviews and read some pretty ridiculous reasons to not give this tablet five stars. One such was that the tablet weighed a whole 3 oz more and that resulted in a 3 star review. Let me start off by saying if that is the reason for giving a crap review that is ridiculous. It says the tablet weight depends on the manufacturing. The other funny one is that someone is upset with the special offers on the front screen. That's why you get a cheap and good tablet. It even says in the discription that there will be ads on the lock screen. It takes a second to swipe up and unlock the screen. So the bad reviews are just reviews by people looking to nit-pick.This tablet is exactly what Amazon was describing. It is cheap, looks good, loads apps quickly, expandable storage, good speakers, decent screen and all while staying under 80 bucks.The start up didn't take long and it came preloaded with my account on it. For 80 dollars this is a good buy and the complaints on the wieght and the ads are ridiculous reasons to give this tablet a shabby review.Buy this tablet if you want a cheap e-reader that can also sure the web, watch movies and shows, check Facebook or Twitter, or read books on. Ignore the negative reviews and you won't be disappointed.",5,238,Positive
This speaker is great and not only is it a speaker but it's got the Alexa application!,5,17,Positive
"A friend gave me a Dot, which I enjoyed. I decided to explore the other devices. I was torn between the Echo and the Tap. After reading a CNET review, I chose the Tap because it is portable. My two frustrations are you cannot change the wake up word ""Alexis"", and you have to be exact in your language when requesting a service. If you are Amazon prime or Audible book member, it is a great addition to you household.",4,80,Positive
"The remote seems to function as the previous generation but the lack of a magnetic holster is a major disappointment. Having a place to park the remote was such a fantastic feature. At first, the Echo came with a remote (and holster). Then, I had to buy a remote separately with my second Echo, but it still came with the holster. Now, I have to buy the remotes for another Echo and a Dot and they don't have the holsters. Rather than raising the price or at least offering a choice, I feel like the quality is being stripped down with each new generation. I still like the Echoes okay, they fill a need, but I am worried about Amazon's choices in slowly cutting away the extras.",3,127,Neutral
"Speaker is pretty loud and I love that I can take with me but the only downside is you have to hold the ""home"" button to use Alexa",3,28,Neutral
"Disappointing Kindle.Charging is sometimes interrupted by loss of connection between cover and Kindle. Complained and they sent me another cover. It works better, but still looses connectivity from time to time. Have to stop and disconnect cover and reconnect it. That usually stops the problem for a while.Also, It is not clear from the sales materials that the Premium Leather cover is suede. it shows scratches from fingernails.On the plus side, the Oasis screen is good and the quality of the text is excellent. Lighting is even and reading is easy on this device.",3,94,Neutral
Have had this probably 3 weeks. Wanted to be fair with my review. The battery in my Kindle Fire 8.9 HDX quit talking to the tablet so had to keep it plugged in to use it. Tried the Fire 8 first and just didn't care for how much smaller the screen was. Returned the 8 waited a bit and ordered the Fire 10. Amazon did give me a discount due to my problem with the 8.9. The Fire 10 in my opinion is no comparison to the 8.9. The apps with the 10 works more like smartphone apps. In the first three days it froze up 4 times. I wondered if it was doing this because I had too many apps opened. Once I started closing the apps I wasn't using I haven't had the tablet freeze problem. I do like the bigger screen on the 10 and the colors are sharp and the pictures clear. I also learned that the 8.9 was no longer being supported by Amazon and that meant no updates so eventually a replacement would have been necessary. Why Amazon stopped the 8.9 is beyond me but I'm doing ok now with the 10. If you get it give it some time.,3,206,Neutral
"Without an on / off button, I have found that the controller comes on (the light comes on showing it's connected to the FireTV) even when not in use. I am assuming this is why the batteries were draining so quick. Now, I put the remote into a 2nd room when I am not using it and the batteries last a normal lifespan. The light never turns on know when the remote is in the other room.",3,77,Neutral
"This case is great - it's inexpensive, slim and very sturdy! I have another Kindle Fire that's a little bigger so the case is somewhat heavy and bulky. in comparison - this case is very lightweight yet still protective.",5,39,Positive
I like it. I use it everyday and so far no cons. Im very please.,5,15,Positive
"I wouldn't buy it again...the software doesn't seem as well integrated with the hardware on this machine. I also have an Echo and I don't have the same connectivity issues with it that I do with this. I liked the features available with this...portability mainly with a long battery life, but with plagued by connectivity issues I can't say I would recommend it. I have looked at reviews online since purchasing and have discovered I am not the only one that feels this way. The sound, when it is connected and responding, is amazing.",3,94,Neutral
"I have the Echo and a Dot and now the Tap, too. My only issue with the Tap is that I got it after the Echo. This means that by the time I got the Tab, I was already used to just calling out commands or questions to my Echo. Of course with the Tap you have to physically get up and touch the Tap. I think if I had first started out with the Tap and having to touch it, it wouldn't be so difficult now for me remember to tap the Tap. But it is a habit to just call out now. So I wish I'd gotten the Tap first and then had graduated to the Echo. Try the Tap first. You might decide you don't even need an Echo. You definitely won't be disappointed !!",5,138,Positive
"Horrible cover for my new (third) Kindle!!! And it seems to be the only option for the Kindle Fire 7 (cover fits 7th generation). The back side of this cover folds like origami paper. It bends too many ways, is too lightweight, and won't prop up or stay propped up well. You can't stand it up to read on a table with any reliability. Forget it in a real wind or if it gets bumped.Amazon should have given us a choice between a sturdy cover with strong sides that don't bend all over and another, cuter, flimsier cover that can be bent as desired, like this one.Maggie",1,107,Negative
"While I've purchased items from Amazon for years, I rarely write reviews. I felt compelled to write one because, although there are only a few reviews at this point, I have never seen such a good product get such bad reviews. I'm hoping as more people purchase these, the star rating will be more accurate of the product itself. I'll address the three biggest complaints I've read from others:Sound Quality: I think these headphones sound great. I've never owned an expensive pair so I'm not able to compare them to higher-end offerings, but I've owned dozens of cheap and mid-range headphones in the 15-50 range. I'm not an audiophile or a musician so if I'm missing something that should be coming through, but isn't, I'm fine with my ignorance. I would say they're slightly better than Apple's buds (which I liked very much and used for years, most recently using their redesigned ones for about a year). There's no tinny, listening through a can sound that's all-too-common with headphones in this price range. As far as people saying they don't compare to Apple's buds, well I don't know, maybe they have some crazy exclusive version of Apple's buds that are amazing. But compared to the regular earpods, I think Amazon's headphones actually sound a bit better. They provide a nice, full sound and represent highs, lows and mids equally well (mainly listening to metal).Fit and Feel: Some people have complained about these falling, or feeling like they're going to fall, out of their ears. There's some validity to this, although obviously it depends on your specific ears. I don't feel like they're going to fall out at all, but if I give the cord a tug, they don't stay as secure as my Apple buds.Read more",3,296,Neutral
"Purchased my first one with the TV Fire box over a year ago and now it is gone, purchased a second one but you would think Amazon would do a better in taking care of some people having the same problem with them.My daughter can control the box from her iPhone as another person listed so we may send the order back for refund after it gets here tomorrow.I do have two fire sticks as well in the bedrooms and no problems with those.",2,84,Negative
"The case is cute and a nice color, fabric is nice, seems it will hold up. Problem is it doesn't stand up as described, mine doesn't stand up at all. Priced is too high for what it is in my opinion. I wouldn't buy this case again",3,47,Neutral
No issues at all... wish it were water proof. My kids and family love it.,4,15,Positive
"I am a fairly voracious reader - 120+ books/year, almost all on Kindle. I have purchased every Kindle edition as soon as it was announced. The price doesn't bother me too much, as I figure with as much as I read, I make the money back by buying Kindle vs. hardcover books (since I mostly read new releases). This is the first Kindle that I sent back though.It's not that the Oasis isn't great - it is. The display is slightly crisper than previous Kindles. It's not that it isn't set up well - the buttons are placed well and easy to use, and the touch screen works fine. It's really just a matter of personal preference. I love to read while I have coffee in the morning and while I'm eating lunch at work, and because of that I love the origami case that the Voyage has. It's hard to read the Oasis hands-free, especially if you are used to the Voyage. Also, when reading while laying down, I switch hands unconsciously a couple of times a minute. I didn't realize this until I used the Oasis, because with the Oasis you have to flip the Kindle over, which may not seem like a big deal, but it definitely does not create a seamless reading experience.So if you like to read while eating or laying down then you are probably better off using the Voyage. If you want the best looking read, then the Oasis is great. And regardless, you are better off reading any Kindle than you are watching the garbage on TV!",3,265,Neutral
